rep,Intensity,ID,strain,Time
1,0.098,glh,mip1uae1,0
1,0.196,glh,mip1uae1,0.5
1,0.26,glh,mip1uae1,1
1,0.315,glh,mip1uae1,1.5
1,0.345,glh,mip1uae1,2
1,0.382,glh,mip1uae1,2.5
1,0.412,glh,mip1uae1,3
1,0.431,glh,mip1uae1,3.5
1,0.469,glh,mip1uae1,4
1,0.49,glh,mip1uae1,4.5
1,0.51,glh,mip1uae1,5
1,0.555,glh,mip1uae1,5.5
1,0.561,glh,mip1uae1,6
1,0.593,glh,mip1uae1,6.5
1,0.606,glh,mip1uae1,7
1,0.649,glh,mip1uae1,7.5
1,0.653,glh,mip1uae1,8
1,0.698,glh,mip1uae1,8.5
1,0.689,glh,mip1uae1,9
1,0.717,glh,mip1uae1,9.5
1,0.712,glh,mip1uae1,10
1,0.713,glh,mip1uae1,10.5
1,0.738,glh,mip1uae1,11
1,0.728,glh,mip1uae1,11.5
1,0.705,glh,mip1uae1,12
1,0.688,glh,mip1uae1,12.5
1,0.69,glh,mip1uae1,13
1,0.687,glh,mip1uae1,13.5
1,0.674,glh,mip1uae1,14
1,0.663,glh,mip1uae1,14.5
1,0.671,glh,mip1uae1,15
1,0.67,glh,mip1uae1,15.5
1,0.691,glh,mip1uae1,16
1,0.713,glh,mip1uae1,16.5
1,0.72,glh,mip1uae1,17
1,0.719,glh,mip1uae1,17.5
1,0.73,glh,mip1uae1,18
1,0.74,glh,mip1uae1,18.5
1,0.744,glh,mip1uae1,19
1,0.752,glh,mip1uae1,19.5
1,0.771,glh,mip1uae1,20
1,0.788,glh,mip1uae1,20.5
1,0.806,glh,mip1uae1,21
1,0.818,glh,mip1uae1,21.5
1,0.844,glh,mip1uae1,22
1,0.859,glh,mip1uae1,22.5
1,0.859,glh,mip1uae1,23
1,0.868,glh,mip1uae1,23.5
1,0.901,glh,mip1uae1,24
1,0.891,glh,mip1uae1,24.5
1,0.909,glh,mip1uae1,25
1,0.914,glh,mip1uae1,25.5
1,0.917,glh,mip1uae1,26
1,0.929,glh,mip1uae1,26.5
1,0.935,glh,mip1uae1,27
1,0.943,glh,mip1uae1,27.5
1,0.949,glh,mip1uae1,28
1,0.94,glh,mip1uae1,28.5
1,0.943,glh,mip1uae1,29
1,0.96,glh,mip1uae1,29.5
1,0.951,glh,mip1uae1,30
1,0.96,glh,mip1uae1,30.5
1,0.969,glh,mip1uae1,31
1,0.968,glh,mip1uae1,31.5
1,0.962,glh,mip1uae1,32
1,0.963,glh,mip1uae1,32.5
1,0.976,glh,mip1uae1,33
1,0.969,glh,mip1uae1,33.5
1,0.967,glh,mip1uae1,34
1,0.956,glh,mip1uae1,34.5
1,0.972,glh,mip1uae1,35
1,0.972,glh,mip1uae1,35.5
1,0.972,glh,mip1uae1,36
1,0.974,glh,mip1uae1,36.5
1,0.965,glh,mip1uae1,37
1,0.964,glh,mip1uae1,37.5
1,0.97,glh,mip1uae1,38
1,0.972,glh,mip1uae1,38.5
1,0.986,glh,mip1uae1,39
1,0.994,glh,mip1uae1,39.5
1,1.004,glh,mip1uae1,40
1,0.993,glh,mip1uae1,40.5
1,1.007,glh,mip1uae1,41
1,1.009,glh,mip1uae1,41.5
1,1.016,glh,mip1uae1,42
1,1.018,glh,mip1uae1,42.5
1,1.02,glh,mip1uae1,43
1,1.015,glh,mip1uae1,43.5
1,1.034,glh,mip1uae1,44
1,1.03,glh,mip1uae1,44.5
1,1.037,glh,mip1uae1,45
1,1.032,glh,mip1uae1,45.5
1,1.037,glh,mip1uae1,46
1,1.044,glh,mip1uae1,46.5
1,1.04,glh,mip1uae1,47
1,1.042,glh,mip1uae1,47.5
1,1.037,glh,mip1uae1,48
1,1.033,glh,mip1uae1,48.5
1,1.042,glh,mip1uae1,49
1,1.049,glh,mip1uae1,49.5
1,1.059,glh,mip1uae1,50
1,1.047,glh,mip1uae1,50.5
1,1.035,glh,mip1uae1,51
1,1.036,glh,mip1uae1,51.5
1,1.055,glh,mip1uae1,52
1,1.052,glh,mip1uae1,52.5
1,1.057,glh,mip1uae1,53
1,1.036,glh,mip1uae1,53.5
1,1.016,glh,mip1uae1,54
1,1.015,glh,mip1uae1,54.5
1,1.022,glh,mip1uae1,55
1,1.011,glh,mip1uae1,55.5
1,1.003,glh,mip1uae1,56
1,1.008,glh,mip1uae1,56.5
1,1,glh,mip1uae1,57
1,1,glh,mip1uae1,-1
2,0.183,glh,mip1uae1,0
2,0.326,glh,mip1uae1,0.5
2,0.419,glh,mip1uae1,1
2,0.472,glh,mip1uae1,1.5
2,0.521,glh,mip1uae1,2
2,0.546,glh,mip1uae1,2.5
2,0.578,glh,mip1uae1,3
2,0.593,glh,mip1uae1,3.5
2,0.615,glh,mip1uae1,4
2,0.627,glh,mip1uae1,4.5
2,0.652,glh,mip1uae1,5
2,0.658,glh,mip1uae1,5.5
2,0.677,glh,mip1uae1,6
2,0.698,glh,mip1uae1,6.5
2,0.711,glh,mip1uae1,7
2,0.72,glh,mip1uae1,7.5
2,0.73,glh,mip1uae1,8
2,0.735,glh,mip1uae1,8.5
2,0.758,glh,mip1uae1,9
2,0.77,glh,mip1uae1,9.5
2,0.768,glh,mip1uae1,10
2,0.789,glh,mip1uae1,10.5
2,0.812,glh,mip1uae1,11
2,0.816,glh,mip1uae1,11.5
2,0.822,glh,mip1uae1,12
2,0.829,glh,mip1uae1,12.5
2,0.836,glh,mip1uae1,13
2,0.852,glh,mip1uae1,13.5
2,0.847,glh,mip1uae1,14
2,0.837,glh,mip1uae1,14.5
2,0.862,glh,mip1uae1,15
2,0.866,glh,mip1uae1,15.5
2,0.863,glh,mip1uae1,16
2,0.871,glh,mip1uae1,16.5
2,0.895,glh,mip1uae1,17
2,0.89,glh,mip1uae1,17.5
2,0.896,glh,mip1uae1,18
2,0.911,glh,mip1uae1,18.5
2,0.9,glh,mip1uae1,19
2,0.911,glh,mip1uae1,19.5
2,0.904,glh,mip1uae1,20
2,0.927,glh,mip1uae1,20.5
2,0.939,glh,mip1uae1,21
2,0.941,glh,mip1uae1,21.5
2,0.94,glh,mip1uae1,22
2,0.94,glh,mip1uae1,22.5
2,0.958,glh,mip1uae1,23
2,0.96,glh,mip1uae1,23.5
2,0.97,glh,mip1uae1,24
2,0.96,glh,mip1uae1,24.5
2,0.976,glh,mip1uae1,25
2,0.975,glh,mip1uae1,25.5
2,0.969,glh,mip1uae1,26
2,0.97,glh,mip1uae1,26.5
2,0.976,glh,mip1uae1,27
2,0.972,glh,mip1uae1,27.5
2,0.986,glh,mip1uae1,28
2,0.997,glh,mip1uae1,28.5
2,0.986,glh,mip1uae1,29
2,1.006,glh,mip1uae1,29.5
2,0.997,glh,mip1uae1,30
2,0.995,glh,mip1uae1,30.5
2,0.995,glh,mip1uae1,31
2,0.999,glh,mip1uae1,31.5
2,0.996,glh,mip1uae1,32
2,1.001,glh,mip1uae1,32.5
2,1.005,glh,mip1uae1,33
2,1,glh,mip1uae1,33.5
2,0.998,glh,mip1uae1,34
2,0.982,glh,mip1uae1,34.5
2,0.984,glh,mip1uae1,35
2,1.005,glh,mip1uae1,35.5
2,1.005,glh,mip1uae1,36
2,1.007,glh,mip1uae1,36.5
2,1.015,glh,mip1uae1,37
2,1.003,glh,mip1uae1,37.5
2,0.998,glh,mip1uae1,38
2,0.988,glh,mip1uae1,38.5
2,0.99,glh,mip1uae1,39
2,0.979,glh,mip1uae1,39.5
2,0.976,glh,mip1uae1,40
2,0.968,glh,mip1uae1,40.5
2,0.99,glh,mip1uae1,41
2,0.974,glh,mip1uae1,41.5
2,0.981,glh,mip1uae1,42
2,0.984,glh,mip1uae1,42.5
2,0.991,glh,mip1uae1,43
2,0.986,glh,mip1uae1,43.5
2,0.975,glh,mip1uae1,44
2,0.989,glh,mip1uae1,44.5
2,0.989,glh,mip1uae1,45
2,0.996,glh,mip1uae1,45.5
2,0.992,glh,mip1uae1,46
2,1.002,glh,mip1uae1,46.5
2,1.003,glh,mip1uae1,47
2,1.007,glh,mip1uae1,47.5
2,0.992,glh,mip1uae1,48
2,1.001,glh,mip1uae1,48.5
2,0.993,glh,mip1uae1,49
2,0.999,glh,mip1uae1,49.5
2,0.99,glh,mip1uae1,50
2,1.005,glh,mip1uae1,50.5
2,0.988,glh,mip1uae1,51
2,0.997,glh,mip1uae1,51.5
2,0.992,glh,mip1uae1,52
2,1.004,glh,mip1uae1,52.5
2,1.014,glh,mip1uae1,53
2,1.006,glh,mip1uae1,53.5
2,1.025,glh,mip1uae1,54
2,1.039,glh,mip1uae1,54.5
2,1.039,glh,mip1uae1,55
2,1.035,glh,mip1uae1,55.5
2,1.039,glh,mip1uae1,56
2,1.025,glh,mip1uae1,56.5
2,1.051,glh,mip1uae1,57
2,1,glh,mip1uae1,-1
3,0.107,glh,mip1uae1,0
3,0.25,glh,mip1uae1,0.5
3,0.326,glh,mip1uae1,1
3,0.375,glh,mip1uae1,1.5
3,0.402,glh,mip1uae1,2
3,0.44,glh,mip1uae1,2.5
3,0.452,glh,mip1uae1,3
3,0.486,glh,mip1uae1,3.5
3,0.491,glh,mip1uae1,4
3,0.522,glh,mip1uae1,4.5
3,0.539,glh,mip1uae1,5
3,0.554,glh,mip1uae1,5.5
3,0.543,glh,mip1uae1,6
3,0.57,glh,mip1uae1,6.5
3,0.589,glh,mip1uae1,7
3,0.604,glh,mip1uae1,7.5
3,0.607,glh,mip1uae1,8
3,0.61,glh,mip1uae1,8.5
3,0.622,glh,mip1uae1,9
3,0.645,glh,mip1uae1,9.5
3,0.657,glh,mip1uae1,10
3,0.651,glh,mip1uae1,10.5
3,0.695,glh,mip1uae1,11
3,0.672,glh,mip1uae1,11.5
3,0.676,glh,mip1uae1,12
3,0.715,glh,mip1uae1,12.5
3,0.711,glh,mip1uae1,13
3,0.735,glh,mip1uae1,13.5
3,0.758,glh,mip1uae1,14
3,0.754,glh,mip1uae1,14.5
3,0.764,glh,mip1uae1,15
3,0.765,glh,mip1uae1,15.5
3,0.787,glh,mip1uae1,16
3,0.794,glh,mip1uae1,16.5
3,0.811,glh,mip1uae1,17
3,0.832,glh,mip1uae1,17.5
3,0.852,glh,mip1uae1,18
3,0.857,glh,mip1uae1,18.5
3,0.878,glh,mip1uae1,19
3,0.892,glh,mip1uae1,19.5
3,0.888,glh,mip1uae1,20
3,0.921,glh,mip1uae1,20.5
3,0.917,glh,mip1uae1,21
3,0.942,glh,mip1uae1,21.5
3,0.943,glh,mip1uae1,22
3,0.979,glh,mip1uae1,22.5
3,0.942,glh,mip1uae1,23
3,0.944,glh,mip1uae1,23.5
3,0.927,glh,mip1uae1,24
3,0.922,glh,mip1uae1,24.5
3,0.944,glh,mip1uae1,25
3,0.928,glh,mip1uae1,25.5
3,0.979,glh,mip1uae1,26
3,0.946,glh,mip1uae1,26.5
3,0.935,glh,mip1uae1,27
3,0.936,glh,mip1uae1,27.5
3,0.943,glh,mip1uae1,28
3,0.944,glh,mip1uae1,28.5
3,0.963,glh,mip1uae1,29
3,0.975,glh,mip1uae1,29.5
3,0.971,glh,mip1uae1,30
3,0.999,glh,mip1uae1,30.5
3,0.989,glh,mip1uae1,31
3,1.006,glh,mip1uae1,31.5
3,1.001,glh,mip1uae1,32
3,0.982,glh,mip1uae1,32.5
3,0.983,glh,mip1uae1,33
3,0.973,glh,mip1uae1,33.5
3,0.972,glh,mip1uae1,34
3,0.955,glh,mip1uae1,34.5
3,0.972,glh,mip1uae1,35
3,0.982,glh,mip1uae1,35.5
3,1.005,glh,mip1uae1,36
3,0.992,glh,mip1uae1,36.5
3,0.98,glh,mip1uae1,37
3,1.002,glh,mip1uae1,37.5
3,1.024,glh,mip1uae1,38
3,0.998,glh,mip1uae1,38.5
3,1.016,glh,mip1uae1,39
3,1.031,glh,mip1uae1,39.5
3,1.041,glh,mip1uae1,40
3,1.054,glh,mip1uae1,40.5
3,1.048,glh,mip1uae1,41
3,1.019,glh,mip1uae1,41.5
3,1.04,glh,mip1uae1,42
3,1.036,glh,mip1uae1,42.5
3,1.061,glh,mip1uae1,43
3,1.066,glh,mip1uae1,43.5
3,1.055,glh,mip1uae1,44
3,1.069,glh,mip1uae1,44.5
3,1.054,glh,mip1uae1,45
3,1.037,glh,mip1uae1,45.5
3,1.033,glh,mip1uae1,46
3,1.037,glh,mip1uae1,46.5
3,1.049,glh,mip1uae1,47
3,1.045,glh,mip1uae1,47.5
3,1.068,glh,mip1uae1,48
3,1.044,glh,mip1uae1,48.5
3,1.065,glh,mip1uae1,49
3,1.059,glh,mip1uae1,49.5
3,1.058,glh,mip1uae1,50
3,1.024,glh,mip1uae1,50.5
3,1.05,glh,mip1uae1,51
3,1.054,glh,mip1uae1,51.5
3,1.031,glh,mip1uae1,52
3,1.032,glh,mip1uae1,52.5
3,1.012,glh,mip1uae1,53
3,0.99,glh,mip1uae1,53.5
3,0.996,glh,mip1uae1,54
3,0.972,glh,mip1uae1,54.5
3,0.962,glh,mip1uae1,55
3,0.946,glh,mip1uae1,55.5
3,0.933,glh,mip1uae1,56
3,0.951,glh,mip1uae1,56.5
3,1,glh,mip1uae1,-1
4,0.345,glh,mip1uae1,0
4,0.372,glh,mip1uae1,0.5
4,0.402,glh,mip1uae1,1
4,0.429,glh,mip1uae1,1.5
4,0.467,glh,mip1uae1,2
4,0.502,glh,mip1uae1,2.5
4,0.527,glh,mip1uae1,3
4,0.547,glh,mip1uae1,3.5
4,0.574,glh,mip1uae1,4
4,0.61,glh,mip1uae1,4.5
4,0.616,glh,mip1uae1,5
4,0.641,glh,mip1uae1,5.5
4,0.678,glh,mip1uae1,6
4,0.688,glh,mip1uae1,6.5
4,0.714,glh,mip1uae1,7
4,0.745,glh,mip1uae1,7.5
4,0.769,glh,mip1uae1,8
4,0.786,glh,mip1uae1,8.5
4,0.8,glh,mip1uae1,9
4,0.827,glh,mip1uae1,9.5
4,0.834,glh,mip1uae1,10
4,0.835,glh,mip1uae1,10.5
4,0.858,glh,mip1uae1,11
4,0.871,glh,mip1uae1,11.5
4,0.883,glh,mip1uae1,12
4,0.896,glh,mip1uae1,12.5
4,0.902,glh,mip1uae1,13
4,0.908,glh,mip1uae1,13.5
4,0.908,glh,mip1uae1,14
4,0.905,glh,mip1uae1,14.5
4,0.906,glh,mip1uae1,15
4,0.876,glh,mip1uae1,15.5
4,0.86,glh,mip1uae1,16
4,0.844,glh,mip1uae1,16.5
4,0.875,glh,mip1uae1,17
4,0.868,glh,mip1uae1,17.5
4,0.885,glh,mip1uae1,18
4,0.878,glh,mip1uae1,18.5
4,0.902,glh,mip1uae1,19
4,0.903,glh,mip1uae1,19.5
4,0.909,glh,mip1uae1,20
4,0.921,glh,mip1uae1,20.5
4,0.921,glh,mip1uae1,21
4,0.913,glh,mip1uae1,21.5
4,0.93,glh,mip1uae1,22
4,0.924,glh,mip1uae1,22.5
4,0.919,glh,mip1uae1,23
4,0.898,glh,mip1uae1,23.5
4,0.898,glh,mip1uae1,24
4,0.904,glh,mip1uae1,24.5
4,0.908,glh,mip1uae1,25
4,0.909,glh,mip1uae1,25.5
4,0.914,glh,mip1uae1,26
4,0.918,glh,mip1uae1,26.5
4,0.919,glh,mip1uae1,27
4,0.916,glh,mip1uae1,27.5
4,0.933,glh,mip1uae1,28
4,0.948,glh,mip1uae1,28.5
4,0.943,glh,mip1uae1,29
4,0.943,glh,mip1uae1,29.5
4,0.926,glh,mip1uae1,30
4,0.903,glh,mip1uae1,30.5
4,0.889,glh,mip1uae1,31
4,0.911,glh,mip1uae1,31.5
4,0.945,glh,mip1uae1,32
4,0.977,glh,mip1uae1,32.5
4,0.997,glh,mip1uae1,33
4,1.006,glh,mip1uae1,33.5
4,1.009,glh,mip1uae1,34
4,1.017,glh,mip1uae1,34.5
4,1.012,glh,mip1uae1,35
4,1.004,glh,mip1uae1,35.5
4,0.999,glh,mip1uae1,36
4,0.992,glh,mip1uae1,36.5
4,0.999,glh,mip1uae1,37
4,1.022,glh,mip1uae1,37.5
4,1.026,glh,mip1uae1,38
4,1.034,glh,mip1uae1,38.5
4,1.038,glh,mip1uae1,39
4,1.023,glh,mip1uae1,39.5
4,1.025,glh,mip1uae1,40
4,1.033,glh,mip1uae1,40.5
4,1.044,glh,mip1uae1,41
4,1.049,glh,mip1uae1,41.5
4,1.038,glh,mip1uae1,42
4,1.033,glh,mip1uae1,42.5
4,1.04,glh,mip1uae1,43
4,1.041,glh,mip1uae1,43.5
4,1.037,glh,mip1uae1,44
4,1.048,glh,mip1uae1,44.5
4,1.057,glh,mip1uae1,45
4,1.052,glh,mip1uae1,45.5
4,1.051,glh,mip1uae1,46
4,1.041,glh,mip1uae1,46.5
4,1.034,glh,mip1uae1,47
4,1.035,glh,mip1uae1,47.5
4,1.041,glh,mip1uae1,48
4,1.043,glh,mip1uae1,48.5
4,1.031,glh,mip1uae1,49
4,1.032,glh,mip1uae1,49.5
4,1.033,glh,mip1uae1,50
4,1.026,glh,mip1uae1,50.5
4,1.038,glh,mip1uae1,51
4,1.046,glh,mip1uae1,51.5
4,1.049,glh,mip1uae1,52
4,1.042,glh,mip1uae1,52.5
4,1.031,glh,mip1uae1,53
4,1.031,glh,mip1uae1,53.5
4,1.009,glh,mip1uae1,54
4,1.015,glh,mip1uae1,54.5
4,1.017,glh,mip1uae1,55
4,1.014,glh,mip1uae1,55.5
4,1.004,glh,mip1uae1,56
4,1.01,glh,mip1uae1,56.5
4,0.999,glh,mip1uae1,57
4,1,glh,mip1uae1,-1
5,0.177,glh,mip1uae1,0
5,0.332,glh,mip1uae1,0.5
5,0.393,glh,mip1uae1,1
5,0.442,glh,mip1uae1,1.5
5,0.472,glh,mip1uae1,2
5,0.502,glh,mip1uae1,2.5
5,0.549,glh,mip1uae1,3
5,0.584,glh,mip1uae1,3.5
5,0.603,glh,mip1uae1,4
5,0.601,glh,mip1uae1,4.5
5,0.62,glh,mip1uae1,5
5,0.649,glh,mip1uae1,5.5
5,0.681,glh,mip1uae1,6
5,0.679,glh,mip1uae1,6.5
5,0.732,glh,mip1uae1,7
5,0.731,glh,mip1uae1,7.5
5,0.744,glh,mip1uae1,8
5,0.753,glh,mip1uae1,8.5
5,0.741,glh,mip1uae1,9
5,0.783,glh,mip1uae1,9.5
5,0.79,glh,mip1uae1,10
5,0.781,glh,mip1uae1,10.5
5,0.778,glh,mip1uae1,11
5,0.8,glh,mip1uae1,11.5
5,0.773,glh,mip1uae1,12
5,0.829,glh,mip1uae1,12.5
5,0.815,glh,mip1uae1,13
5,0.812,glh,mip1uae1,13.5
5,0.849,glh,mip1uae1,14
5,0.839,glh,mip1uae1,14.5
5,0.85,glh,mip1uae1,15
5,0.839,glh,mip1uae1,15.5
5,0.871,glh,mip1uae1,16
5,0.865,glh,mip1uae1,16.5
5,0.86,glh,mip1uae1,17
5,0.868,glh,mip1uae1,17.5
5,0.877,glh,mip1uae1,18
5,0.875,glh,mip1uae1,18.5
5,0.885,glh,mip1uae1,19
5,0.89,glh,mip1uae1,19.5
5,0.902,glh,mip1uae1,20
5,0.892,glh,mip1uae1,20.5
5,0.901,glh,mip1uae1,21
5,0.896,glh,mip1uae1,21.5
5,0.908,glh,mip1uae1,22
5,0.902,glh,mip1uae1,22.5
5,0.931,glh,mip1uae1,23
5,0.941,glh,mip1uae1,23.5
5,0.9,glh,mip1uae1,24
5,0.921,glh,mip1uae1,24.5
5,0.914,glh,mip1uae1,25
5,0.929,glh,mip1uae1,25.5
5,0.926,glh,mip1uae1,26
5,0.942,glh,mip1uae1,26.5
5,0.93,glh,mip1uae1,27
5,0.925,glh,mip1uae1,27.5
5,0.944,glh,mip1uae1,28
5,0.936,glh,mip1uae1,28.5
5,0.953,glh,mip1uae1,29
5,0.952,glh,mip1uae1,29.5
5,0.937,glh,mip1uae1,30
5,0.967,glh,mip1uae1,30.5
5,0.938,glh,mip1uae1,31
5,0.967,glh,mip1uae1,31.5
5,0.954,glh,mip1uae1,32
5,0.958,glh,mip1uae1,32.5
5,0.975,glh,mip1uae1,33
5,0.953,glh,mip1uae1,33.5
5,0.941,glh,mip1uae1,34
5,0.975,glh,mip1uae1,34.5
5,0.972,glh,mip1uae1,35
5,0.94,glh,mip1uae1,35.5
5,0.954,glh,mip1uae1,36
5,0.949,glh,mip1uae1,36.5
5,1.002,glh,mip1uae1,37
5,0.952,glh,mip1uae1,37.5
5,0.97,glh,mip1uae1,38
5,0.975,glh,mip1uae1,38.5
5,0.962,glh,mip1uae1,39
5,0.989,glh,mip1uae1,39.5
5,0.986,glh,mip1uae1,40
5,0.985,glh,mip1uae1,40.5
5,0.976,glh,mip1uae1,41
5,1,glh,mip1uae1,41.5
5,1.006,glh,mip1uae1,42
5,0.985,glh,mip1uae1,42.5
5,0.983,glh,mip1uae1,43
5,1.004,glh,mip1uae1,43.5
5,1.047,glh,mip1uae1,44
5,0.995,glh,mip1uae1,44.5
5,1.029,glh,mip1uae1,45
5,1.031,glh,mip1uae1,45.5
5,1.044,glh,mip1uae1,46
5,1.056,glh,mip1uae1,46.5
5,1.054,glh,mip1uae1,47
5,1.024,glh,mip1uae1,47.5
5,1.075,glh,mip1uae1,48
5,1.078,glh,mip1uae1,48.5
5,1.044,glh,mip1uae1,49
5,1.077,glh,mip1uae1,49.5
5,1.057,glh,mip1uae1,50
5,1.077,glh,mip1uae1,50.5
5,1.09,glh,mip1uae1,51
5,1.074,glh,mip1uae1,51.5
5,1.087,glh,mip1uae1,52
5,1.116,glh,mip1uae1,52.5
5,1.069,glh,mip1uae1,53
5,1.083,glh,mip1uae1,53.5
5,1.072,glh,mip1uae1,54
5,1.105,glh,mip1uae1,54.5
5,1.101,glh,mip1uae1,55
5,1.091,glh,mip1uae1,55.5
5,1.104,glh,mip1uae1,56
5,1.076,glh,mip1uae1,56.5
5,1,glh,mip1uae1,-1
6,0.169,glh,mip1uae1,0
6,0.327,glh,mip1uae1,0.5
6,0.411,glh,mip1uae1,1
6,0.466,glh,mip1uae1,1.5
6,0.514,glh,mip1uae1,2
6,0.553,glh,mip1uae1,2.5
6,0.58,glh,mip1uae1,3
6,0.598,glh,mip1uae1,3.5
6,0.61,glh,mip1uae1,4
6,0.653,glh,mip1uae1,4.5
6,0.649,glh,mip1uae1,5
6,0.658,glh,mip1uae1,5.5
6,0.677,glh,mip1uae1,6
6,0.694,glh,mip1uae1,6.5
6,0.715,glh,mip1uae1,7
6,0.716,glh,mip1uae1,7.5
6,0.718,glh,mip1uae1,8
6,0.723,glh,mip1uae1,8.5
6,0.74,glh,mip1uae1,9
6,0.747,glh,mip1uae1,9.5
6,0.758,glh,mip1uae1,10
6,0.773,glh,mip1uae1,10.5
6,0.769,glh,mip1uae1,11
6,0.792,glh,mip1uae1,11.5
6,0.784,glh,mip1uae1,12
6,0.789,glh,mip1uae1,12.5
6,0.803,glh,mip1uae1,13
6,0.8,glh,mip1uae1,13.5
6,0.812,glh,mip1uae1,14
6,0.822,glh,mip1uae1,14.5
6,0.836,glh,mip1uae1,15
6,0.84,glh,mip1uae1,15.5
6,0.835,glh,mip1uae1,16
6,0.846,glh,mip1uae1,16.5
6,0.863,glh,mip1uae1,17
6,0.861,glh,mip1uae1,17.5
6,0.858,glh,mip1uae1,18
6,0.863,glh,mip1uae1,18.5
6,0.885,glh,mip1uae1,19
6,0.891,glh,mip1uae1,19.5
6,0.898,glh,mip1uae1,20
6,0.891,glh,mip1uae1,20.5
6,0.904,glh,mip1uae1,21
6,0.915,glh,mip1uae1,21.5
6,0.911,glh,mip1uae1,22
6,0.928,glh,mip1uae1,22.5
6,0.934,glh,mip1uae1,23
6,0.928,glh,mip1uae1,23.5
6,0.928,glh,mip1uae1,24
6,0.927,glh,mip1uae1,24.5
6,0.938,glh,mip1uae1,25
6,0.946,glh,mip1uae1,25.5
6,0.964,glh,mip1uae1,26
6,0.949,glh,mip1uae1,26.5
6,0.966,glh,mip1uae1,27
6,0.952,glh,mip1uae1,27.5
6,0.986,glh,mip1uae1,28
6,0.961,glh,mip1uae1,28.5
6,1.001,glh,mip1uae1,29
6,0.995,glh,mip1uae1,29.5
6,0.998,glh,mip1uae1,30
6,0.996,glh,mip1uae1,30.5
6,0.994,glh,mip1uae1,31
6,0.994,glh,mip1uae1,31.5
6,1.008,glh,mip1uae1,32
6,1.003,glh,mip1uae1,32.5
6,0.996,glh,mip1uae1,33
6,1.027,glh,mip1uae1,33.5
6,1.002,glh,mip1uae1,34
6,1.014,glh,mip1uae1,34.5
6,1.014,glh,mip1uae1,35
6,0.999,glh,mip1uae1,35.5
6,1.007,glh,mip1uae1,36
6,1.009,glh,mip1uae1,36.5
6,0.972,glh,mip1uae1,37
6,0.986,glh,mip1uae1,37.5
6,0.982,glh,mip1uae1,38
6,1.001,glh,mip1uae1,38.5
6,1.016,glh,mip1uae1,39
6,0.988,glh,mip1uae1,39.5
6,1.007,glh,mip1uae1,40
6,1.004,glh,mip1uae1,40.5
6,1.019,glh,mip1uae1,41
6,1.023,glh,mip1uae1,41.5
6,1.014,glh,mip1uae1,42
6,0.997,glh,mip1uae1,42.5
6,0.981,glh,mip1uae1,43
6,0.993,glh,mip1uae1,43.5
6,0.999,glh,mip1uae1,44
6,1.004,glh,mip1uae1,44.5
6,1.01,glh,mip1uae1,45
6,1.025,glh,mip1uae1,45.5
6,1.024,glh,mip1uae1,46
6,1.023,glh,mip1uae1,46.5
6,1.016,glh,mip1uae1,47
6,1.03,glh,mip1uae1,47.5
6,1.048,glh,mip1uae1,48
6,1.043,glh,mip1uae1,48.5
6,1.065,glh,mip1uae1,49
6,1.027,glh,mip1uae1,49.5
6,1.031,glh,mip1uae1,50
6,1.024,glh,mip1uae1,50.5
6,1.025,glh,mip1uae1,51
6,1.014,glh,mip1uae1,51.5
6,1.026,glh,mip1uae1,52
6,1.028,glh,mip1uae1,52.5
6,1.022,glh,mip1uae1,53
6,1.044,glh,mip1uae1,53.5
6,1.038,glh,mip1uae1,54
6,1.049,glh,mip1uae1,54.5
6,1.029,glh,mip1uae1,55
6,1.053,glh,mip1uae1,55.5
6,1.043,glh,mip1uae1,56
6,1.036,glh,mip1uae1,56.5
6,1.044,glh,mip1uae1,57
6,1,glh,mip1uae1,-1
7,0.16,glh,mip1uae1,0
7,0.268,glh,mip1uae1,0.5
7,0.352,glh,mip1uae1,1
7,0.4,glh,mip1uae1,1.5
7,0.453,glh,mip1uae1,2
7,0.482,glh,mip1uae1,2.5
7,0.506,glh,mip1uae1,3
7,0.559,glh,mip1uae1,3.5
7,0.58,glh,mip1uae1,4
7,0.601,glh,mip1uae1,4.5
7,0.605,glh,mip1uae1,5
7,0.617,glh,mip1uae1,5.5
7,0.652,glh,mip1uae1,6
7,0.674,glh,mip1uae1,6.5
7,0.702,glh,mip1uae1,7
7,0.686,glh,mip1uae1,7.5
7,0.688,glh,mip1uae1,8
7,0.71,glh,mip1uae1,8.5
7,0.717,glh,mip1uae1,9
7,0.714,glh,mip1uae1,9.5
7,0.726,glh,mip1uae1,10
7,0.711,glh,mip1uae1,10.5
7,0.721,glh,mip1uae1,11
7,0.739,glh,mip1uae1,11.5
7,0.751,glh,mip1uae1,12
7,0.751,glh,mip1uae1,12.5
7,0.772,glh,mip1uae1,13
7,0.781,glh,mip1uae1,13.5
7,0.796,glh,mip1uae1,14
7,0.83,glh,mip1uae1,14.5
7,0.845,glh,mip1uae1,15
7,0.859,glh,mip1uae1,15.5
7,0.888,glh,mip1uae1,16
7,0.896,glh,mip1uae1,16.5
7,0.886,glh,mip1uae1,17
7,0.91,glh,mip1uae1,17.5
7,0.876,glh,mip1uae1,18
7,0.871,glh,mip1uae1,18.5
7,0.906,glh,mip1uae1,19
7,0.906,glh,mip1uae1,19.5
7,0.912,glh,mip1uae1,20
7,0.932,glh,mip1uae1,20.5
7,0.943,glh,mip1uae1,21
7,0.945,glh,mip1uae1,21.5
7,0.938,glh,mip1uae1,22
7,0.937,glh,mip1uae1,22.5
7,0.951,glh,mip1uae1,23
7,0.931,glh,mip1uae1,23.5
7,0.956,glh,mip1uae1,24
7,0.932,glh,mip1uae1,24.5
7,0.935,glh,mip1uae1,25
7,0.933,glh,mip1uae1,25.5
7,0.953,glh,mip1uae1,26
7,1.008,glh,mip1uae1,26.5
7,0.978,glh,mip1uae1,27
7,1.001,glh,mip1uae1,27.5
7,0.988,glh,mip1uae1,28
7,0.99,glh,mip1uae1,28.5
7,0.974,glh,mip1uae1,29
7,0.988,glh,mip1uae1,29.5
7,0.979,glh,mip1uae1,30
7,0.977,glh,mip1uae1,30.5
7,0.964,glh,mip1uae1,31
7,0.962,glh,mip1uae1,31.5
7,0.958,glh,mip1uae1,32
7,0.954,glh,mip1uae1,32.5
7,0.968,glh,mip1uae1,33
7,0.964,glh,mip1uae1,33.5
7,0.946,glh,mip1uae1,34
7,0.956,glh,mip1uae1,34.5
7,0.97,glh,mip1uae1,35
7,0.974,glh,mip1uae1,35.5
7,1,glh,mip1uae1,36
7,0.999,glh,mip1uae1,36.5
7,1.004,glh,mip1uae1,37
7,1.011,glh,mip1uae1,37.5
7,1.043,glh,mip1uae1,38
7,1.028,glh,mip1uae1,38.5
7,1.025,glh,mip1uae1,39
7,1.029,glh,mip1uae1,39.5
7,1.039,glh,mip1uae1,40
7,1.048,glh,mip1uae1,40.5
7,1.04,glh,mip1uae1,41
7,1.054,glh,mip1uae1,41.5
7,1.031,glh,mip1uae1,42
7,1.008,glh,mip1uae1,42.5
7,1.03,glh,mip1uae1,43
7,1.005,glh,mip1uae1,43.5
7,1,glh,mip1uae1,44
7,1.013,glh,mip1uae1,44.5
7,1.004,glh,mip1uae1,45
7,1.016,glh,mip1uae1,45.5
7,0.99,glh,mip1uae1,46
7,0.978,glh,mip1uae1,46.5
7,0.986,glh,mip1uae1,47
7,0.997,glh,mip1uae1,47.5
7,1.005,glh,mip1uae1,48
7,1.004,glh,mip1uae1,48.5
7,0.977,glh,mip1uae1,49
7,0.998,glh,mip1uae1,49.5
7,1.008,glh,mip1uae1,50
7,0.98,glh,mip1uae1,50.5
7,0.996,glh,mip1uae1,51
7,0.991,glh,mip1uae1,51.5
7,1.006,glh,mip1uae1,52
7,1.026,glh,mip1uae1,52.5
7,1.021,glh,mip1uae1,53
7,1.026,glh,mip1uae1,53.5
7,1.02,glh,mip1uae1,54
7,1.022,glh,mip1uae1,54.5
7,1.043,glh,mip1uae1,55
7,1.047,glh,mip1uae1,55.5
7,1.042,glh,mip1uae1,56
7,1.03,glh,mip1uae1,56.5
7,1.023,glh,mip1uae1,57
7,1,glh,mip1uae1,-1
8,0.376,glh,mip1uae1,0
8,0.477,glh,mip1uae1,0.5
8,0.514,glh,mip1uae1,1
8,0.553,glh,mip1uae1,1.5
8,0.585,glh,mip1uae1,2
8,0.604,glh,mip1uae1,2.5
8,0.614,glh,mip1uae1,3
8,0.64,glh,mip1uae1,3.5
8,0.664,glh,mip1uae1,4
8,0.692,glh,mip1uae1,4.5
8,0.713,glh,mip1uae1,5
8,0.72,glh,mip1uae1,5.5
8,0.738,glh,mip1uae1,6
8,0.735,glh,mip1uae1,6.5
8,0.749,glh,mip1uae1,7
8,0.767,glh,mip1uae1,7.5
8,0.775,glh,mip1uae1,8
8,0.778,glh,mip1uae1,8.5
8,0.795,glh,mip1uae1,9
8,0.812,glh,mip1uae1,9.5
8,0.808,glh,mip1uae1,10
8,0.828,glh,mip1uae1,10.5
8,0.852,glh,mip1uae1,11
8,0.868,glh,mip1uae1,11.5
8,0.884,glh,mip1uae1,12
8,0.906,glh,mip1uae1,12.5
8,0.917,glh,mip1uae1,13
8,0.917,glh,mip1uae1,13.5
8,0.919,glh,mip1uae1,14
8,0.909,glh,mip1uae1,14.5
8,0.892,glh,mip1uae1,15
8,0.901,glh,mip1uae1,15.5
8,0.913,glh,mip1uae1,16
8,0.913,glh,mip1uae1,16.5
8,0.911,glh,mip1uae1,17
8,0.921,glh,mip1uae1,17.5
8,0.925,glh,mip1uae1,18
8,0.951,glh,mip1uae1,18.5
8,0.961,glh,mip1uae1,19
8,0.956,glh,mip1uae1,19.5
8,0.948,glh,mip1uae1,20
8,0.962,glh,mip1uae1,20.5
8,0.954,glh,mip1uae1,21
8,0.963,glh,mip1uae1,21.5
8,0.959,glh,mip1uae1,22
8,0.981,glh,mip1uae1,22.5
8,0.969,glh,mip1uae1,23
8,0.96,glh,mip1uae1,23.5
8,0.977,glh,mip1uae1,24
8,0.981,glh,mip1uae1,24.5
8,0.985,glh,mip1uae1,25
8,0.975,glh,mip1uae1,25.5
8,1.002,glh,mip1uae1,26
8,1.015,glh,mip1uae1,26.5
8,0.994,glh,mip1uae1,27
8,1.027,glh,mip1uae1,27.5
8,1.016,glh,mip1uae1,28
8,1.04,glh,mip1uae1,28.5
8,1.031,glh,mip1uae1,29
8,1.014,glh,mip1uae1,29.5
8,1.019,glh,mip1uae1,30
8,1.034,glh,mip1uae1,30.5
8,1.046,glh,mip1uae1,31
8,1.055,glh,mip1uae1,31.5
8,1.063,glh,mip1uae1,32
8,1.067,glh,mip1uae1,32.5
8,1.07,glh,mip1uae1,33
8,1.071,glh,mip1uae1,33.5
8,1.056,glh,mip1uae1,34
8,1.037,glh,mip1uae1,34.5
8,1.055,glh,mip1uae1,35
8,1.038,glh,mip1uae1,35.5
8,1.032,glh,mip1uae1,36
8,1.028,glh,mip1uae1,36.5
8,1.009,glh,mip1uae1,37
8,1.015,glh,mip1uae1,37.5
8,0.985,glh,mip1uae1,38
8,0.978,glh,mip1uae1,38.5
8,0.968,glh,mip1uae1,39
8,0.983,glh,mip1uae1,39.5
8,1.004,glh,mip1uae1,40
8,0.977,glh,mip1uae1,40.5
8,0.987,glh,mip1uae1,41
8,0.979,glh,mip1uae1,41.5
8,0.985,glh,mip1uae1,42
8,0.99,glh,mip1uae1,42.5
8,1.022,glh,mip1uae1,43
8,1.016,glh,mip1uae1,43.5
8,1.013,glh,mip1uae1,44
8,1.02,glh,mip1uae1,44.5
8,0.993,glh,mip1uae1,45
8,1.016,glh,mip1uae1,45.5
8,0.996,glh,mip1uae1,46
8,0.991,glh,mip1uae1,46.5
8,0.976,glh,mip1uae1,47
8,0.959,glh,mip1uae1,47.5
8,0.95,glh,mip1uae1,48
8,0.959,glh,mip1uae1,48.5
8,0.962,glh,mip1uae1,49
8,0.966,glh,mip1uae1,49.5
8,0.975,glh,mip1uae1,50
8,0.964,glh,mip1uae1,50.5
8,0.943,glh,mip1uae1,51
8,0.93,glh,mip1uae1,51.5
8,0.953,glh,mip1uae1,52
8,0.95,glh,mip1uae1,52.5
8,0.971,glh,mip1uae1,53
8,0.986,glh,mip1uae1,53.5
8,0.986,glh,mip1uae1,54
8,0.979,glh,mip1uae1,54.5
8,0.969,glh,mip1uae1,55
8,0.977,glh,mip1uae1,55.5
8,0.987,glh,mip1uae1,56
8,0.969,glh,mip1uae1,56.5
8,0.967,glh,mip1uae1,57
8,1,glh,mip1uae1,-1
9,0.496,glh,mip1uae1,0
9,0.56,glh,mip1uae1,0.5
9,0.601,glh,mip1uae1,1
9,0.635,glh,mip1uae1,1.5
9,0.645,glh,mip1uae1,2
9,0.683,glh,mip1uae1,2.5
9,0.69,glh,mip1uae1,3
9,0.733,glh,mip1uae1,3.5
9,0.738,glh,mip1uae1,4
9,0.767,glh,mip1uae1,4.5
9,0.785,glh,mip1uae1,5
9,0.794,glh,mip1uae1,5.5
9,0.801,glh,mip1uae1,6
9,0.825,glh,mip1uae1,6.5
9,0.844,glh,mip1uae1,7
9,0.861,glh,mip1uae1,7.5
9,0.877,glh,mip1uae1,8
9,0.888,glh,mip1uae1,8.5
9,0.89,glh,mip1uae1,9
9,0.894,glh,mip1uae1,9.5
9,0.897,glh,mip1uae1,10
9,0.909,glh,mip1uae1,10.5
9,0.902,glh,mip1uae1,11
9,0.907,glh,mip1uae1,11.5
9,0.915,glh,mip1uae1,12
9,0.927,glh,mip1uae1,12.5
9,0.94,glh,mip1uae1,13
9,0.941,glh,mip1uae1,13.5
9,0.936,glh,mip1uae1,14
9,0.939,glh,mip1uae1,14.5
9,0.946,glh,mip1uae1,15
9,0.95,glh,mip1uae1,15.5
9,0.95,glh,mip1uae1,16
9,0.952,glh,mip1uae1,16.5
9,0.952,glh,mip1uae1,17
9,0.957,glh,mip1uae1,17.5
9,0.954,glh,mip1uae1,18
9,0.964,glh,mip1uae1,18.5
9,0.971,glh,mip1uae1,19
9,0.963,glh,mip1uae1,19.5
9,0.971,glh,mip1uae1,20
9,0.959,glh,mip1uae1,20.5
9,0.954,glh,mip1uae1,21
9,0.963,glh,mip1uae1,21.5
9,0.974,glh,mip1uae1,22
9,0.973,glh,mip1uae1,22.5
9,0.975,glh,mip1uae1,23
9,0.963,glh,mip1uae1,23.5
9,0.961,glh,mip1uae1,24
9,0.967,glh,mip1uae1,24.5
9,0.961,glh,mip1uae1,25
9,0.962,glh,mip1uae1,25.5
9,0.96,glh,mip1uae1,26
9,0.967,glh,mip1uae1,26.5
9,0.974,glh,mip1uae1,27
9,0.974,glh,mip1uae1,27.5
9,0.974,glh,mip1uae1,28
9,0.975,glh,mip1uae1,28.5
9,0.971,glh,mip1uae1,29
9,0.974,glh,mip1uae1,29.5
9,0.969,glh,mip1uae1,30
9,0.973,glh,mip1uae1,30.5
9,0.976,glh,mip1uae1,31
9,0.975,glh,mip1uae1,31.5
9,0.978,glh,mip1uae1,32
9,0.973,glh,mip1uae1,32.5
9,0.979,glh,mip1uae1,33
9,0.978,glh,mip1uae1,33.5
9,0.979,glh,mip1uae1,34
9,0.98,glh,mip1uae1,34.5
9,0.98,glh,mip1uae1,35
9,0.973,glh,mip1uae1,35.5
9,0.983,glh,mip1uae1,36
9,0.975,glh,mip1uae1,36.5
9,0.99,glh,mip1uae1,37
9,0.982,glh,mip1uae1,37.5
9,0.989,glh,mip1uae1,38
9,0.989,glh,mip1uae1,38.5
9,0.996,glh,mip1uae1,39
9,0.998,glh,mip1uae1,39.5
9,0.999,glh,mip1uae1,40
9,1,glh,mip1uae1,40.5
9,1.006,glh,mip1uae1,41
9,1.006,glh,mip1uae1,41.5
9,1.003,glh,mip1uae1,42
9,1.011,glh,mip1uae1,42.5
9,1.012,glh,mip1uae1,43
9,1.015,glh,mip1uae1,43.5
9,1.008,glh,mip1uae1,44
9,1.002,glh,mip1uae1,44.5
9,1.01,glh,mip1uae1,45
9,1,glh,mip1uae1,45.5
9,1.003,glh,mip1uae1,46
9,1.002,glh,mip1uae1,46.5
9,0.998,glh,mip1uae1,47
9,1.01,glh,mip1uae1,47.5
9,1.006,glh,mip1uae1,48
9,1.008,glh,mip1uae1,48.5
9,1.007,glh,mip1uae1,49
9,1.015,glh,mip1uae1,49.5
9,1.019,glh,mip1uae1,50
9,1.025,glh,mip1uae1,50.5
9,1.026,glh,mip1uae1,51
9,1.027,glh,mip1uae1,51.5
9,1.026,glh,mip1uae1,52
9,1.035,glh,mip1uae1,52.5
9,1.031,glh,mip1uae1,53
9,1.03,glh,mip1uae1,53.5
9,1.032,glh,mip1uae1,54
9,1.037,glh,mip1uae1,54.5
9,1.033,glh,mip1uae1,55
9,1.035,glh,mip1uae1,55.5
9,1.027,glh,mip1uae1,56
9,1.028,glh,mip1uae1,56.5
9,1.03,glh,mip1uae1,57
9,1,glh,mip1uae1,-1
10,0.211,glh,mip1uae1,0
10,0.351,glh,mip1uae1,0.5
10,0.417,glh,mip1uae1,1
10,0.476,glh,mip1uae1,1.5
10,0.511,glh,mip1uae1,2
10,0.54,glh,mip1uae1,2.5
10,0.577,glh,mip1uae1,3
10,0.591,glh,mip1uae1,3.5
10,0.597,glh,mip1uae1,4
10,0.621,glh,mip1uae1,4.5
10,0.645,glh,mip1uae1,5
10,0.662,glh,mip1uae1,5.5
10,0.667,glh,mip1uae1,6
10,0.684,glh,mip1uae1,6.5
10,0.696,glh,mip1uae1,7
10,0.72,glh,mip1uae1,7.5
10,0.72,glh,mip1uae1,8
10,0.733,glh,mip1uae1,8.5
10,0.747,glh,mip1uae1,9
10,0.757,glh,mip1uae1,9.5
10,0.785,glh,mip1uae1,10
10,0.789,glh,mip1uae1,10.5
10,0.804,glh,mip1uae1,11
10,0.811,glh,mip1uae1,11.5
10,0.824,glh,mip1uae1,12
10,0.828,glh,mip1uae1,12.5
10,0.836,glh,mip1uae1,13
10,0.84,glh,mip1uae1,13.5
10,0.865,glh,mip1uae1,14
10,0.866,glh,mip1uae1,14.5
10,0.858,glh,mip1uae1,15
10,0.847,glh,mip1uae1,15.5
10,0.888,glh,mip1uae1,16
10,0.881,glh,mip1uae1,16.5
10,0.902,glh,mip1uae1,17
10,0.903,glh,mip1uae1,17.5
10,0.897,glh,mip1uae1,18
10,0.9,glh,mip1uae1,18.5
10,0.914,glh,mip1uae1,19
10,0.912,glh,mip1uae1,19.5
10,0.905,glh,mip1uae1,20
10,0.893,glh,mip1uae1,20.5
10,0.895,glh,mip1uae1,21
10,0.892,glh,mip1uae1,21.5
10,0.915,glh,mip1uae1,22
10,0.923,glh,mip1uae1,22.5
10,0.933,glh,mip1uae1,23
10,0.938,glh,mip1uae1,23.5
10,0.932,glh,mip1uae1,24
10,0.952,glh,mip1uae1,24.5
10,0.945,glh,mip1uae1,25
10,0.933,glh,mip1uae1,25.5
10,0.954,glh,mip1uae1,26
10,0.923,glh,mip1uae1,26.5
10,0.938,glh,mip1uae1,27
10,0.936,glh,mip1uae1,27.5
10,0.932,glh,mip1uae1,28
10,0.919,glh,mip1uae1,28.5
10,0.929,glh,mip1uae1,29
10,0.951,glh,mip1uae1,29.5
10,0.961,glh,mip1uae1,30
10,0.94,glh,mip1uae1,30.5
10,0.96,glh,mip1uae1,31
10,0.961,glh,mip1uae1,31.5
10,0.941,glh,mip1uae1,32
10,0.963,glh,mip1uae1,32.5
10,0.948,glh,mip1uae1,33
10,0.978,glh,mip1uae1,33.5
10,0.98,glh,mip1uae1,34
10,0.98,glh,mip1uae1,34.5
10,0.982,glh,mip1uae1,35
10,0.997,glh,mip1uae1,35.5
10,1.005,glh,mip1uae1,36
10,1.006,glh,mip1uae1,36.5
10,1.014,glh,mip1uae1,37
10,1.003,glh,mip1uae1,37.5
10,0.999,glh,mip1uae1,38
10,1.012,glh,mip1uae1,38.5
10,1.005,glh,mip1uae1,39
10,1.019,glh,mip1uae1,39.5
10,1.013,glh,mip1uae1,40
10,1.03,glh,mip1uae1,40.5
10,1.014,glh,mip1uae1,41
10,1.015,glh,mip1uae1,41.5
10,1.013,glh,mip1uae1,42
10,1.017,glh,mip1uae1,42.5
10,1.015,glh,mip1uae1,43
10,1.014,glh,mip1uae1,43.5
10,1.037,glh,mip1uae1,44
10,1.05,glh,mip1uae1,44.5
10,1.056,glh,mip1uae1,45
10,1.039,glh,mip1uae1,45.5
10,1.034,glh,mip1uae1,46
10,1.034,glh,mip1uae1,46.5
10,1.039,glh,mip1uae1,47
10,1.03,glh,mip1uae1,47.5
10,1.023,glh,mip1uae1,48
10,1.045,glh,mip1uae1,48.5
10,1.05,glh,mip1uae1,49
10,1.026,glh,mip1uae1,49.5
10,1.041,glh,mip1uae1,50
10,1.041,glh,mip1uae1,50.5
10,1.047,glh,mip1uae1,51
10,1.045,glh,mip1uae1,51.5
10,1.044,glh,mip1uae1,52
10,1.04,glh,mip1uae1,52.5
10,1.029,glh,mip1uae1,53
10,1.036,glh,mip1uae1,53.5
10,1.022,glh,mip1uae1,54
10,1.029,glh,mip1uae1,54.5
10,1.029,glh,mip1uae1,55
10,1.033,glh,mip1uae1,55.5
10,1.032,glh,mip1uae1,56
10,1.027,glh,mip1uae1,56.5
10,1.029,glh,mip1uae1,57
10,1,glh,mip1uae1,-1
1,0.215,glh,WT,0
1,0.253,glh,WT,0.5
1,0.292,glh,WT,1
1,0.313,glh,WT,1.5
1,0.342,glh,WT,2
1,0.361,glh,WT,2.5
1,0.383,glh,WT,3
1,0.401,glh,WT,3.5
1,0.425,glh,WT,4
1,0.44,glh,WT,4.5
1,0.435,glh,WT,5
1,0.452,glh,WT,5.5
1,0.461,glh,WT,6
1,0.469,glh,WT,6.5
1,0.489,glh,WT,7
1,0.49,glh,WT,7.5
1,0.5,glh,WT,8
1,0.501,glh,WT,8.5
1,0.505,glh,WT,9
1,0.52,glh,WT,9.5
1,0.522,glh,WT,10
1,0.529,glh,WT,10.5
1,0.534,glh,WT,11
1,0.547,glh,WT,11.5
1,0.56,glh,WT,12
1,0.542,glh,WT,12.5
1,0.556,glh,WT,13
1,0.558,glh,WT,13.5
1,0.579,glh,WT,14
1,0.597,glh,WT,14.5
1,0.599,glh,WT,15
1,0.619,glh,WT,15.5
1,0.618,glh,WT,16
1,0.646,glh,WT,16.5
1,0.645,glh,WT,17
1,0.667,glh,WT,17.5
1,0.681,glh,WT,18
1,0.671,glh,WT,18.5
1,0.688,glh,WT,19
1,0.697,glh,WT,19.5
1,0.711,glh,WT,20
1,0.717,glh,WT,20.5
1,0.725,glh,WT,21
1,0.745,glh,WT,21.5
1,0.743,glh,WT,22
1,0.751,glh,WT,22.5
1,0.744,glh,WT,23
1,0.735,glh,WT,23.5
1,0.76,glh,WT,24
1,0.762,glh,WT,24.5
1,0.764,glh,WT,25
1,0.777,glh,WT,25.5
1,0.779,glh,WT,26
1,0.776,glh,WT,26.5
1,0.777,glh,WT,27
1,0.789,glh,WT,27.5
1,0.786,glh,WT,28
1,0.793,glh,WT,28.5
1,0.779,glh,WT,29
1,0.795,glh,WT,29.5
1,0.8,glh,WT,30
1,0.797,glh,WT,30.5
1,0.793,glh,WT,31
1,0.798,glh,WT,31.5
1,0.823,glh,WT,32
1,0.813,glh,WT,32.5
1,0.81,glh,WT,33
1,0.808,glh,WT,33.5
1,0.823,glh,WT,34
1,0.83,glh,WT,34.5
1,0.828,glh,WT,35
1,0.831,glh,WT,35.5
1,0.849,glh,WT,36
1,0.849,glh,WT,36.5
1,0.851,glh,WT,37
1,0.86,glh,WT,37.5
1,0.871,glh,WT,38
1,0.854,glh,WT,38.5
1,0.864,glh,WT,39
1,0.859,glh,WT,39.5
1,0.866,glh,WT,40
1,0.875,glh,WT,40.5
1,0.882,glh,WT,41
1,0.898,glh,WT,41.5
1,0.911,glh,WT,42
1,0.924,glh,WT,42.5
1,0.938,glh,WT,43
1,0.94,glh,WT,43.5
1,0.943,glh,WT,44
1,0.97,glh,WT,44.5
1,0.965,glh,WT,45
1,0.965,glh,WT,45.5
1,0.963,glh,WT,46
1,0.964,glh,WT,46.5
1,0.966,glh,WT,47
1,0.961,glh,WT,47.5
1,0.968,glh,WT,48
1,0.968,glh,WT,48.5
1,0.99,glh,WT,49
1,0.987,glh,WT,49.5
1,0.975,glh,WT,50
1,0.97,glh,WT,50.5
1,0.978,glh,WT,51
1,0.973,glh,WT,51.5
1,0.969,glh,WT,52
1,0.964,glh,WT,52.5
1,0.962,glh,WT,53
1,0.972,glh,WT,53.5
1,0.991,glh,WT,54
1,0.985,glh,WT,54.5
1,0.998,glh,WT,55
1,0.99,glh,WT,55.5
1,0.986,glh,WT,56
1,0.99,glh,WT,56.5
1,0.988,glh,WT,57
1,1,glh,WT,-1
2,0.092,glh,WT,0
2,0.124,glh,WT,0.5
2,0.145,glh,WT,1
2,0.168,glh,WT,1.5
2,0.184,glh,WT,2
2,0.206,glh,WT,2.5
2,0.228,glh,WT,3
2,0.237,glh,WT,3.5
2,0.257,glh,WT,4
2,0.275,glh,WT,4.5
2,0.283,glh,WT,5
2,0.29,glh,WT,5.5
2,0.299,glh,WT,6
2,0.321,glh,WT,6.5
2,0.312,glh,WT,7
2,0.328,glh,WT,7.5
2,0.334,glh,WT,8
2,0.341,glh,WT,8.5
2,0.357,glh,WT,9
2,0.371,glh,WT,9.5
2,0.375,glh,WT,10
2,0.392,glh,WT,10.5
2,0.391,glh,WT,11
2,0.408,glh,WT,11.5
2,0.413,glh,WT,12
2,0.421,glh,WT,12.5
2,0.451,glh,WT,13
2,0.466,glh,WT,13.5
2,0.49,glh,WT,14
2,0.485,glh,WT,14.5
2,0.498,glh,WT,15
2,0.519,glh,WT,15.5
2,0.505,glh,WT,16
2,0.545,glh,WT,16.5
2,0.567,glh,WT,17
2,0.566,glh,WT,17.5
2,0.596,glh,WT,18
2,0.588,glh,WT,18.5
2,0.599,glh,WT,19
2,0.612,glh,WT,19.5
2,0.62,glh,WT,20
2,0.648,glh,WT,20.5
2,0.669,glh,WT,21
2,0.672,glh,WT,21.5
2,0.669,glh,WT,22
2,0.701,glh,WT,22.5
2,0.7,glh,WT,23
2,0.709,glh,WT,23.5
2,0.716,glh,WT,24
2,0.717,glh,WT,24.5
2,0.722,glh,WT,25
2,0.727,glh,WT,25.5
2,0.737,glh,WT,26
2,0.745,glh,WT,26.5
2,0.762,glh,WT,27
2,0.761,glh,WT,27.5
2,0.75,glh,WT,28
2,0.762,glh,WT,28.5
2,0.772,glh,WT,29
2,0.763,glh,WT,29.5
2,0.78,glh,WT,30
2,0.772,glh,WT,30.5
2,0.796,glh,WT,31
2,0.787,glh,WT,31.5
2,0.8,glh,WT,32
2,0.821,glh,WT,32.5
2,0.794,glh,WT,33
2,0.804,glh,WT,33.5
2,0.811,glh,WT,34
2,0.822,glh,WT,34.5
2,0.803,glh,WT,35
2,0.801,glh,WT,35.5
2,0.829,glh,WT,36
2,0.825,glh,WT,36.5
2,0.838,glh,WT,37
2,0.833,glh,WT,37.5
2,0.835,glh,WT,38
2,0.835,glh,WT,38.5
2,0.853,glh,WT,39
2,0.841,glh,WT,39.5
2,0.847,glh,WT,40
2,0.845,glh,WT,40.5
2,0.861,glh,WT,41
2,0.873,glh,WT,41.5
2,0.905,glh,WT,42
2,0.898,glh,WT,42.5
2,0.893,glh,WT,43
2,0.876,glh,WT,43.5
2,0.87,glh,WT,44
2,0.863,glh,WT,44.5
2,0.886,glh,WT,45
2,0.907,glh,WT,45.5
2,0.899,glh,WT,46
2,0.897,glh,WT,46.5
2,0.891,glh,WT,47
2,0.896,glh,WT,47.5
2,0.909,glh,WT,48
2,0.918,glh,WT,48.5
2,0.906,glh,WT,49
2,0.916,glh,WT,49.5
2,0.921,glh,WT,50
2,0.889,glh,WT,50.5
2,0.919,glh,WT,51
2,0.934,glh,WT,51.5
2,0.95,glh,WT,52
2,0.929,glh,WT,52.5
2,0.97,glh,WT,53
2,0.973,glh,WT,53.5
2,0.965,glh,WT,54
2,0.98,glh,WT,54.5
2,0.978,glh,WT,55
2,0.977,glh,WT,55.5
2,1.008,glh,WT,56
2,0.99,glh,WT,56.5
2,1.003,glh,WT,57
2,1,glh,WT,-1
3,0.028,glh,WT,0
3,0.057,glh,WT,0.5
3,0.077,glh,WT,1
3,0.1,glh,WT,1.5
3,0.114,glh,WT,2
3,0.125,glh,WT,2.5
3,0.141,glh,WT,3
3,0.157,glh,WT,3.5
3,0.172,glh,WT,4
3,0.178,glh,WT,4.5
3,0.194,glh,WT,5
3,0.204,glh,WT,5.5
3,0.214,glh,WT,6
3,0.234,glh,WT,6.5
3,0.249,glh,WT,7
3,0.266,glh,WT,7.5
3,0.275,glh,WT,8
3,0.304,glh,WT,8.5
3,0.304,glh,WT,9
3,0.323,glh,WT,9.5
3,0.335,glh,WT,10
3,0.341,glh,WT,10.5
3,0.359,glh,WT,11
3,0.371,glh,WT,11.5
3,0.39,glh,WT,12
3,0.396,glh,WT,12.5
3,0.406,glh,WT,13
3,0.421,glh,WT,13.5
3,0.418,glh,WT,14
3,0.435,glh,WT,14.5
3,0.428,glh,WT,15
3,0.462,glh,WT,15.5
3,0.462,glh,WT,16
3,0.477,glh,WT,16.5
3,0.478,glh,WT,17
3,0.482,glh,WT,17.5
3,0.505,glh,WT,18
3,0.503,glh,WT,18.5
3,0.517,glh,WT,19
3,0.536,glh,WT,19.5
3,0.533,glh,WT,20
3,0.557,glh,WT,20.5
3,0.575,glh,WT,21
3,0.589,glh,WT,21.5
3,0.601,glh,WT,22
3,0.611,glh,WT,22.5
3,0.631,glh,WT,23
3,0.628,glh,WT,23.5
3,0.636,glh,WT,24
3,0.642,glh,WT,24.5
3,0.64,glh,WT,25
3,0.649,glh,WT,25.5
3,0.664,glh,WT,26
3,0.684,glh,WT,26.5
3,0.718,glh,WT,27
3,0.706,glh,WT,27.5
3,0.719,glh,WT,28
3,0.729,glh,WT,28.5
3,0.73,glh,WT,29
3,0.755,glh,WT,29.5
3,0.752,glh,WT,30
3,0.754,glh,WT,30.5
3,0.759,glh,WT,31
3,0.764,glh,WT,31.5
3,0.764,glh,WT,32
3,0.769,glh,WT,32.5
3,0.771,glh,WT,33
3,0.786,glh,WT,33.5
3,0.8,glh,WT,34
3,0.821,glh,WT,34.5
3,0.82,glh,WT,35
3,0.829,glh,WT,35.5
3,0.816,glh,WT,36
3,0.8,glh,WT,36.5
3,0.844,glh,WT,37
3,0.855,glh,WT,37.5
3,0.847,glh,WT,38
3,0.856,glh,WT,38.5
3,0.844,glh,WT,39
3,0.858,glh,WT,39.5
3,0.839,glh,WT,40
3,0.861,glh,WT,40.5
3,0.878,glh,WT,41
3,0.881,glh,WT,41.5
3,0.86,glh,WT,42
3,0.886,glh,WT,42.5
3,0.887,glh,WT,43
3,0.917,glh,WT,43.5
3,0.909,glh,WT,44
3,0.919,glh,WT,44.5
3,0.915,glh,WT,45
3,0.911,glh,WT,45.5
3,0.915,glh,WT,46
3,0.918,glh,WT,46.5
3,0.911,glh,WT,47
3,0.918,glh,WT,47.5
3,0.918,glh,WT,48
3,0.944,glh,WT,48.5
3,0.928,glh,WT,49
3,0.918,glh,WT,49.5
3,0.915,glh,WT,50
3,0.891,glh,WT,50.5
3,0.898,glh,WT,51
3,0.915,glh,WT,51.5
3,0.909,glh,WT,52
3,0.899,glh,WT,52.5
3,0.913,glh,WT,53
3,0.91,glh,WT,53.5
3,0.905,glh,WT,54
3,0.912,glh,WT,54.5
3,0.92,glh,WT,55
3,0.921,glh,WT,55.5
3,0.924,glh,WT,56
3,0.94,glh,WT,56.5
3,0.911,glh,WT,57
3,1,glh,WT,-1
4,0.073,glh,WT,0
4,0.116,glh,WT,0.5
4,0.141,glh,WT,1
4,0.157,glh,WT,1.5
4,0.167,glh,WT,2
4,0.187,glh,WT,2.5
4,0.202,glh,WT,3
4,0.221,glh,WT,3.5
4,0.246,glh,WT,4
4,0.243,glh,WT,4.5
4,0.264,glh,WT,5
4,0.279,glh,WT,5.5
4,0.313,glh,WT,6
4,0.328,glh,WT,6.5
4,0.337,glh,WT,7
4,0.334,glh,WT,7.5
4,0.35,glh,WT,8
4,0.361,glh,WT,8.5
4,0.39,glh,WT,9
4,0.401,glh,WT,9.5
4,0.416,glh,WT,10
4,0.414,glh,WT,10.5
4,0.428,glh,WT,11
4,0.464,glh,WT,11.5
4,0.434,glh,WT,12
4,0.469,glh,WT,12.5
4,0.48,glh,WT,13
4,0.493,glh,WT,13.5
4,0.508,glh,WT,14
4,0.498,glh,WT,14.5
4,0.534,glh,WT,15
4,0.54,glh,WT,15.5
4,0.535,glh,WT,16
4,0.559,glh,WT,16.5
4,0.565,glh,WT,17
4,0.566,glh,WT,17.5
4,0.57,glh,WT,18
4,0.59,glh,WT,18.5
4,0.591,glh,WT,19
4,0.611,glh,WT,19.5
4,0.621,glh,WT,20
4,0.625,glh,WT,20.5
4,0.64,glh,WT,21
4,0.62,glh,WT,21.5
4,0.633,glh,WT,22
4,0.639,glh,WT,22.5
4,0.648,glh,WT,23
4,0.667,glh,WT,23.5
4,0.697,glh,WT,24
4,0.669,glh,WT,24.5
4,0.675,glh,WT,25
4,0.695,glh,WT,25.5
4,0.696,glh,WT,26
4,0.729,glh,WT,26.5
4,0.707,glh,WT,27
4,0.754,glh,WT,27.5
4,0.717,glh,WT,28
4,0.726,glh,WT,28.5
4,0.757,glh,WT,29
4,0.748,glh,WT,29.5
4,0.744,glh,WT,30
4,0.768,glh,WT,30.5
4,0.776,glh,WT,31
4,0.76,glh,WT,31.5
4,0.764,glh,WT,32
4,0.771,glh,WT,32.5
4,0.781,glh,WT,33
4,0.794,glh,WT,33.5
4,0.774,glh,WT,34
4,0.802,glh,WT,34.5
4,0.818,glh,WT,35
4,0.794,glh,WT,35.5
4,0.823,glh,WT,36
4,0.808,glh,WT,36.5
4,0.834,glh,WT,37
4,0.849,glh,WT,37.5
4,0.851,glh,WT,38
4,0.822,glh,WT,38.5
4,0.848,glh,WT,39
4,0.83,glh,WT,39.5
4,0.853,glh,WT,40
4,0.819,glh,WT,40.5
4,0.834,glh,WT,41
4,0.838,glh,WT,41.5
4,0.839,glh,WT,42
4,0.872,glh,WT,42.5
4,0.824,glh,WT,43
4,0.883,glh,WT,43.5
4,0.857,glh,WT,44
4,0.866,glh,WT,44.5
4,0.825,glh,WT,45
4,0.855,glh,WT,45.5
4,0.857,glh,WT,46
4,0.834,glh,WT,46.5
4,0.862,glh,WT,47
4,0.885,glh,WT,47.5
4,0.838,glh,WT,48
4,0.877,glh,WT,48.5
4,0.9,glh,WT,49
4,0.89,glh,WT,49.5
4,0.858,glh,WT,50
4,0.919,glh,WT,50.5
4,0.905,glh,WT,51
4,0.897,glh,WT,51.5
4,0.913,glh,WT,52
4,0.952,glh,WT,52.5
4,0.972,glh,WT,53
4,0.943,glh,WT,53.5
4,0.949,glh,WT,54
4,0.971,glh,WT,54.5
4,0.936,glh,WT,55
4,0.951,glh,WT,55.5
4,0.959,glh,WT,56
4,0.998,glh,WT,56.5
4,0.988,glh,WT,57
4,1,glh,WT,-1
5,0.102,glh,WT,0
5,0.127,glh,WT,0.5
5,0.139,glh,WT,1
5,0.151,glh,WT,1.5
5,0.17,glh,WT,2
5,0.185,glh,WT,2.5
5,0.187,glh,WT,3
5,0.211,glh,WT,3.5
5,0.217,glh,WT,4
5,0.231,glh,WT,4.5
5,0.24,glh,WT,5
5,0.243,glh,WT,5.5
5,0.262,glh,WT,6
5,0.274,glh,WT,6.5
5,0.272,glh,WT,7
5,0.289,glh,WT,7.5
5,0.29,glh,WT,8
5,0.32,glh,WT,8.5
5,0.333,glh,WT,9
5,0.342,glh,WT,9.5
5,0.352,glh,WT,10
5,0.36,glh,WT,10.5
5,0.387,glh,WT,11
5,0.414,glh,WT,11.5
5,0.439,glh,WT,12
5,0.442,glh,WT,12.5
5,0.451,glh,WT,13
5,0.474,glh,WT,13.5
5,0.511,glh,WT,14
5,0.533,glh,WT,14.5
5,0.536,glh,WT,15
5,0.542,glh,WT,15.5
5,0.554,glh,WT,16
5,0.561,glh,WT,16.5
5,0.591,glh,WT,17
5,0.573,glh,WT,17.5
5,0.57,glh,WT,18
5,0.579,glh,WT,18.5
5,0.574,glh,WT,19
5,0.602,glh,WT,19.5
5,0.607,glh,WT,20
5,0.623,glh,WT,20.5
5,0.662,glh,WT,21
5,0.671,glh,WT,21.5
5,0.654,glh,WT,22
5,0.672,glh,WT,22.5
5,0.681,glh,WT,23
5,0.682,glh,WT,23.5
5,0.667,glh,WT,24
5,0.658,glh,WT,24.5
5,0.667,glh,WT,25
5,0.67,glh,WT,25.5
5,0.692,glh,WT,26
5,0.712,glh,WT,26.5
5,0.724,glh,WT,27
5,0.696,glh,WT,27.5
5,0.721,glh,WT,28
5,0.751,glh,WT,28.5
5,0.773,glh,WT,29
5,0.767,glh,WT,29.5
5,0.78,glh,WT,30
5,0.754,glh,WT,30.5
5,0.763,glh,WT,31
5,0.741,glh,WT,31.5
5,0.783,glh,WT,32
5,0.767,glh,WT,32.5
5,0.797,glh,WT,33
5,0.807,glh,WT,33.5
5,0.817,glh,WT,34
5,0.864,glh,WT,34.5
5,0.872,glh,WT,35
5,0.833,glh,WT,35.5
5,0.81,glh,WT,36
5,0.783,glh,WT,36.5
5,0.791,glh,WT,37
5,0.77,glh,WT,37.5
5,0.742,glh,WT,38
5,0.738,glh,WT,38.5
5,0.773,glh,WT,39
5,0.768,glh,WT,39.5
5,0.839,glh,WT,40
5,0.852,glh,WT,40.5
5,0.859,glh,WT,41
5,0.87,glh,WT,41.5
5,0.881,glh,WT,42
5,0.909,glh,WT,42.5
5,0.916,glh,WT,43
5,0.978,glh,WT,43.5
5,0.983,glh,WT,44
5,1.01,glh,WT,44.5
5,1.01,glh,WT,45
5,0.999,glh,WT,45.5
5,0.982,glh,WT,46
5,0.983,glh,WT,46.5
5,0.999,glh,WT,47
5,0.982,glh,WT,47.5
5,0.986,glh,WT,48
5,0.974,glh,WT,48.5
5,1.001,glh,WT,49
5,1.013,glh,WT,49.5
5,0.995,glh,WT,50
5,0.957,glh,WT,50.5
5,0.946,glh,WT,51
5,0.959,glh,WT,51.5
5,0.93,glh,WT,52
5,0.898,glh,WT,52.5
5,0.905,glh,WT,53
5,0.869,glh,WT,53.5
5,0.852,glh,WT,54
5,0.838,glh,WT,54.5
5,0.841,glh,WT,55
5,0.844,glh,WT,55.5
5,0.896,glh,WT,56
5,0.915,glh,WT,56.5
5,0.964,glh,WT,57
5,1,glh,WT,-1
6,0.131,glh,WT,0
6,0.194,glh,WT,0.5
6,0.221,glh,WT,1
6,0.257,glh,WT,1.5
6,0.29,glh,WT,2
6,0.319,glh,WT,2.5
6,0.346,glh,WT,3
6,0.36,glh,WT,3.5
6,0.372,glh,WT,4
6,0.404,glh,WT,4.5
6,0.43,glh,WT,5
6,0.439,glh,WT,5.5
6,0.465,glh,WT,6
6,0.474,glh,WT,6.5
6,0.478,glh,WT,7
6,0.512,glh,WT,7.5
6,0.515,glh,WT,8
6,0.545,glh,WT,8.5
6,0.542,glh,WT,9
6,0.556,glh,WT,9.5
6,0.578,glh,WT,10
6,0.576,glh,WT,10.5
6,0.582,glh,WT,11
6,0.588,glh,WT,11.5
6,0.611,glh,WT,12
6,0.626,glh,WT,12.5
6,0.634,glh,WT,13
6,0.614,glh,WT,13.5
6,0.63,glh,WT,14
6,0.641,glh,WT,14.5
6,0.683,glh,WT,15
6,0.692,glh,WT,15.5
6,0.714,glh,WT,16
6,0.743,glh,WT,16.5
6,0.735,glh,WT,17
6,0.741,glh,WT,17.5
6,0.776,glh,WT,18
6,0.769,glh,WT,18.5
6,0.768,glh,WT,19
6,0.779,glh,WT,19.5
6,0.759,glh,WT,20
6,0.768,glh,WT,20.5
6,0.783,glh,WT,21
6,0.779,glh,WT,21.5
6,0.793,glh,WT,22
6,0.797,glh,WT,22.5
6,0.771,glh,WT,23
6,0.82,glh,WT,23.5
6,0.824,glh,WT,24
6,0.808,glh,WT,24.5
6,0.815,glh,WT,25
6,0.826,glh,WT,25.5
6,0.823,glh,WT,26
6,0.81,glh,WT,26.5
6,0.846,glh,WT,27
6,0.868,glh,WT,27.5
6,0.845,glh,WT,28
6,0.857,glh,WT,28.5
6,0.86,glh,WT,29
6,0.848,glh,WT,29.5
6,0.878,glh,WT,30
6,0.894,glh,WT,30.5
6,0.899,glh,WT,31
6,0.899,glh,WT,31.5
6,0.908,glh,WT,32
6,0.908,glh,WT,32.5
6,0.92,glh,WT,33
6,0.898,glh,WT,33.5
6,0.914,glh,WT,34
6,0.917,glh,WT,34.5
6,0.936,glh,WT,35
6,0.946,glh,WT,35.5
6,0.968,glh,WT,36
6,0.967,glh,WT,36.5
6,0.951,glh,WT,37
6,0.949,glh,WT,37.5
6,0.935,glh,WT,38
6,0.984,glh,WT,38.5
6,0.982,glh,WT,39
6,0.969,glh,WT,39.5
6,0.939,glh,WT,40
6,0.955,glh,WT,40.5
6,0.958,glh,WT,41
6,0.955,glh,WT,41.5
6,0.938,glh,WT,42
6,0.96,glh,WT,42.5
6,0.955,glh,WT,43
6,0.936,glh,WT,43.5
6,0.925,glh,WT,44
6,0.903,glh,WT,44.5
6,0.923,glh,WT,45
6,0.892,glh,WT,45.5
6,0.899,glh,WT,46
6,0.899,glh,WT,46.5
6,0.932,glh,WT,47
6,0.941,glh,WT,47.5
6,0.943,glh,WT,48
6,0.949,glh,WT,48.5
6,0.971,glh,WT,49
6,0.956,glh,WT,49.5
6,0.949,glh,WT,50
6,0.938,glh,WT,50.5
6,0.943,glh,WT,51
6,0.897,glh,WT,51.5
6,0.891,glh,WT,52
6,0.894,glh,WT,52.5
6,0.88,glh,WT,53
6,0.887,glh,WT,53.5
6,0.917,glh,WT,54
6,0.906,glh,WT,54.5
6,0.942,glh,WT,55
6,0.939,glh,WT,55.5
6,0.978,glh,WT,56
6,1.015,glh,WT,56.5
6,1.029,glh,WT,57
6,1,glh,WT,-1
7,0.09,glh,WT,0
7,0.134,glh,WT,0.5
7,0.158,glh,WT,1
7,0.179,glh,WT,1.5
7,0.21,glh,WT,2
7,0.215,glh,WT,2.5
7,0.248,glh,WT,3
7,0.251,glh,WT,3.5
7,0.264,glh,WT,4
7,0.281,glh,WT,4.5
7,0.298,glh,WT,5
7,0.309,glh,WT,5.5
7,0.314,glh,WT,6
7,0.334,glh,WT,6.5
7,0.347,glh,WT,7
7,0.372,glh,WT,7.5
7,0.383,glh,WT,8
7,0.402,glh,WT,8.5
7,0.416,glh,WT,9
7,0.417,glh,WT,9.5
7,0.432,glh,WT,10
7,0.427,glh,WT,10.5
7,0.438,glh,WT,11
7,0.463,glh,WT,11.5
7,0.475,glh,WT,12
7,0.478,glh,WT,12.5
7,0.479,glh,WT,13
7,0.484,glh,WT,13.5
7,0.5,glh,WT,14
7,0.517,glh,WT,14.5
7,0.507,glh,WT,15
7,0.53,glh,WT,15.5
7,0.536,glh,WT,16
7,0.55,glh,WT,16.5
7,0.562,glh,WT,17
7,0.561,glh,WT,17.5
7,0.573,glh,WT,18
7,0.585,glh,WT,18.5
7,0.591,glh,WT,19
7,0.608,glh,WT,19.5
7,0.614,glh,WT,20
7,0.615,glh,WT,20.5
7,0.634,glh,WT,21
7,0.643,glh,WT,21.5
7,0.637,glh,WT,22
7,0.653,glh,WT,22.5
7,0.66,glh,WT,23
7,0.65,glh,WT,23.5
7,0.678,glh,WT,24
7,0.671,glh,WT,24.5
7,0.688,glh,WT,25
7,0.683,glh,WT,25.5
7,0.69,glh,WT,26
7,0.701,glh,WT,26.5
7,0.713,glh,WT,27
7,0.718,glh,WT,27.5
7,0.714,glh,WT,28
7,0.717,glh,WT,28.5
7,0.734,glh,WT,29
7,0.746,glh,WT,29.5
7,0.749,glh,WT,30
7,0.752,glh,WT,30.5
7,0.782,glh,WT,31
7,0.765,glh,WT,31.5
7,0.773,glh,WT,32
7,0.771,glh,WT,32.5
7,0.773,glh,WT,33
7,0.793,glh,WT,33.5
7,0.772,glh,WT,34
7,0.78,glh,WT,34.5
7,0.786,glh,WT,35
7,0.809,glh,WT,35.5
7,0.814,glh,WT,36
7,0.807,glh,WT,36.5
7,0.833,glh,WT,37
7,0.827,glh,WT,37.5
7,0.832,glh,WT,38
7,0.842,glh,WT,38.5
7,0.851,glh,WT,39
7,0.847,glh,WT,39.5
7,0.852,glh,WT,40
7,0.858,glh,WT,40.5
7,0.874,glh,WT,41
7,0.863,glh,WT,41.5
7,0.867,glh,WT,42
7,0.89,glh,WT,42.5
7,0.899,glh,WT,43
7,0.884,glh,WT,43.5
7,0.882,glh,WT,44
7,0.888,glh,WT,44.5
7,0.909,glh,WT,45
7,0.922,glh,WT,45.5
7,0.907,glh,WT,46
7,0.908,glh,WT,46.5
7,0.917,glh,WT,47
7,0.911,glh,WT,47.5
7,0.919,glh,WT,48
7,0.926,glh,WT,48.5
7,0.919,glh,WT,49
7,0.933,glh,WT,49.5
7,0.922,glh,WT,50
7,0.944,glh,WT,50.5
7,0.957,glh,WT,51
7,0.964,glh,WT,51.5
7,0.932,glh,WT,52
7,0.935,glh,WT,52.5
7,0.955,glh,WT,53
7,0.938,glh,WT,53.5
7,0.929,glh,WT,54
7,0.935,glh,WT,54.5
7,0.94,glh,WT,55
7,0.942,glh,WT,55.5
7,0.953,glh,WT,56
7,0.966,glh,WT,56.5
7,0.969,glh,WT,57
7,1,glh,WT,-1
8,0.082,glh,WT,0
8,0.113,glh,WT,0.5
8,0.144,glh,WT,1
8,0.157,glh,WT,1.5
8,0.166,glh,WT,2
8,0.18,glh,WT,2.5
8,0.193,glh,WT,3
8,0.212,glh,WT,3.5
8,0.232,glh,WT,4
8,0.231,glh,WT,4.5
8,0.26,glh,WT,5
8,0.27,glh,WT,5.5
8,0.277,glh,WT,6
8,0.289,glh,WT,6.5
8,0.294,glh,WT,7
8,0.308,glh,WT,7.5
8,0.327,glh,WT,8
8,0.346,glh,WT,8.5
8,0.36,glh,WT,9
8,0.371,glh,WT,9.5
8,0.389,glh,WT,10
8,0.404,glh,WT,10.5
8,0.409,glh,WT,11
8,0.428,glh,WT,11.5
8,0.429,glh,WT,12
8,0.437,glh,WT,12.5
8,0.45,glh,WT,13
8,0.457,glh,WT,13.5
8,0.471,glh,WT,14
8,0.478,glh,WT,14.5
8,0.501,glh,WT,15
8,0.511,glh,WT,15.5
8,0.519,glh,WT,16
8,0.529,glh,WT,16.5
8,0.521,glh,WT,17
8,0.53,glh,WT,17.5
8,0.535,glh,WT,18
8,0.547,glh,WT,18.5
8,0.558,glh,WT,19
8,0.579,glh,WT,19.5
8,0.586,glh,WT,20
8,0.592,glh,WT,20.5
8,0.601,glh,WT,21
8,0.611,glh,WT,21.5
8,0.612,glh,WT,22
8,0.635,glh,WT,22.5
8,0.625,glh,WT,23
8,0.641,glh,WT,23.5
8,0.651,glh,WT,24
8,0.658,glh,WT,24.5
8,0.67,glh,WT,25
8,0.681,glh,WT,25.5
8,0.691,glh,WT,26
8,0.692,glh,WT,26.5
8,0.704,glh,WT,27
8,0.717,glh,WT,27.5
8,0.714,glh,WT,28
8,0.725,glh,WT,28.5
8,0.737,glh,WT,29
8,0.749,glh,WT,29.5
8,0.752,glh,WT,30
8,0.769,glh,WT,30.5
8,0.777,glh,WT,31
8,0.792,glh,WT,31.5
8,0.796,glh,WT,32
8,0.806,glh,WT,32.5
8,0.798,glh,WT,33
8,0.809,glh,WT,33.5
8,0.813,glh,WT,34
8,0.806,glh,WT,34.5
8,0.803,glh,WT,35
8,0.797,glh,WT,35.5
8,0.799,glh,WT,36
8,0.787,glh,WT,36.5
8,0.785,glh,WT,37
8,0.798,glh,WT,37.5
8,0.797,glh,WT,38
8,0.798,glh,WT,38.5
8,0.81,glh,WT,39
8,0.835,glh,WT,39.5
8,0.837,glh,WT,40
8,0.856,glh,WT,40.5
8,0.865,glh,WT,41
8,0.867,glh,WT,41.5
8,0.86,glh,WT,42
8,0.865,glh,WT,42.5
8,0.866,glh,WT,43
8,0.906,glh,WT,43.5
8,0.876,glh,WT,44
8,0.904,glh,WT,44.5
8,0.901,glh,WT,45
8,0.922,glh,WT,45.5
8,0.92,glh,WT,46
8,0.907,glh,WT,46.5
8,0.906,glh,WT,47
8,0.902,glh,WT,47.5
8,0.901,glh,WT,48
8,0.907,glh,WT,48.5
8,0.909,glh,WT,49
8,0.912,glh,WT,49.5
8,0.911,glh,WT,50
8,0.911,glh,WT,50.5
8,0.911,glh,WT,51
8,0.928,glh,WT,51.5
8,0.912,glh,WT,52
8,0.93,glh,WT,52.5
8,0.904,glh,WT,53
8,0.897,glh,WT,53.5
8,0.915,glh,WT,54
8,0.94,glh,WT,54.5
8,0.919,glh,WT,55
8,0.953,glh,WT,55.5
8,0.946,glh,WT,56
8,0.945,glh,WT,56.5
8,0.947,glh,WT,57
8,1,glh,WT,-1
9,0.074,glh,WT,0
9,0.119,glh,WT,0.5
9,0.131,glh,WT,1
9,0.159,glh,WT,1.5
9,0.171,glh,WT,2
9,0.21,glh,WT,2.5
9,0.212,glh,WT,3
9,0.227,glh,WT,3.5
9,0.242,glh,WT,4
9,0.261,glh,WT,4.5
9,0.281,glh,WT,5
9,0.291,glh,WT,5.5
9,0.323,glh,WT,6
9,0.322,glh,WT,6.5
9,0.354,glh,WT,7
9,0.353,glh,WT,7.5
9,0.362,glh,WT,8
9,0.366,glh,WT,8.5
9,0.382,glh,WT,9
9,0.378,glh,WT,9.5
9,0.411,glh,WT,10
9,0.422,glh,WT,10.5
9,0.433,glh,WT,11
9,0.468,glh,WT,11.5
9,0.467,glh,WT,12
9,0.48,glh,WT,12.5
9,0.489,glh,WT,13
9,0.473,glh,WT,13.5
9,0.483,glh,WT,14
9,0.483,glh,WT,14.5
9,0.489,glh,WT,15
9,0.499,glh,WT,15.5
9,0.527,glh,WT,16
9,0.547,glh,WT,16.5
9,0.552,glh,WT,17
9,0.561,glh,WT,17.5
9,0.595,glh,WT,18
9,0.611,glh,WT,18.5
9,0.61,glh,WT,19
9,0.637,glh,WT,19.5
9,0.637,glh,WT,20
9,0.677,glh,WT,20.5
9,0.654,glh,WT,21
9,0.689,glh,WT,21.5
9,0.687,glh,WT,22
9,0.691,glh,WT,22.5
9,0.696,glh,WT,23
9,0.721,glh,WT,23.5
9,0.734,glh,WT,24
9,0.733,glh,WT,24.5
9,0.708,glh,WT,25
9,0.7,glh,WT,25.5
9,0.719,glh,WT,26
9,0.71,glh,WT,26.5
9,0.72,glh,WT,27
9,0.717,glh,WT,27.5
9,0.724,glh,WT,28
9,0.744,glh,WT,28.5
9,0.742,glh,WT,29
9,0.722,glh,WT,29.5
9,0.748,glh,WT,30
9,0.739,glh,WT,30.5
9,0.744,glh,WT,31
9,0.771,glh,WT,31.5
9,0.757,glh,WT,32
9,0.783,glh,WT,32.5
9,0.789,glh,WT,33
9,0.783,glh,WT,33.5
9,0.8,glh,WT,34
9,0.771,glh,WT,34.5
9,0.799,glh,WT,35
9,0.805,glh,WT,35.5
9,0.807,glh,WT,36
9,0.825,glh,WT,36.5
9,0.844,glh,WT,37
9,0.81,glh,WT,37.5
9,0.843,glh,WT,38
9,0.839,glh,WT,38.5
9,0.832,glh,WT,39
9,0.826,glh,WT,39.5
9,0.831,glh,WT,40
9,0.814,glh,WT,40.5
9,0.842,glh,WT,41
9,0.868,glh,WT,41.5
9,0.896,glh,WT,42
9,0.891,glh,WT,42.5
9,0.878,glh,WT,43
9,0.887,glh,WT,43.5
9,0.904,glh,WT,44
9,0.909,glh,WT,44.5
9,0.902,glh,WT,45
9,0.893,glh,WT,45.5
9,0.896,glh,WT,46
9,0.914,glh,WT,46.5
9,0.91,glh,WT,47
9,0.911,glh,WT,47.5
9,0.912,glh,WT,48
9,0.924,glh,WT,48.5
9,0.952,glh,WT,49
9,0.911,glh,WT,49.5
9,0.927,glh,WT,50
9,0.92,glh,WT,50.5
9,0.924,glh,WT,51
9,0.914,glh,WT,51.5
9,0.938,glh,WT,52
9,0.955,glh,WT,52.5
9,0.982,glh,WT,53
9,0.994,glh,WT,53.5
9,1.005,glh,WT,54
9,1.017,glh,WT,54.5
9,1.005,glh,WT,55
9,1.019,glh,WT,55.5
9,1.025,glh,WT,56
9,1.029,glh,WT,56.5
9,1.027,glh,WT,57
9,1,glh,WT,-1
10,0.186,glh,WT,0
10,0.205,glh,WT,0.5
10,0.229,glh,WT,1
10,0.254,glh,WT,1.5
10,0.265,glh,WT,2
10,0.29,glh,WT,2.5
10,0.305,glh,WT,3
10,0.311,glh,WT,3.5
10,0.325,glh,WT,4
10,0.364,glh,WT,4.5
10,0.387,glh,WT,5
10,0.377,glh,WT,5.5
10,0.399,glh,WT,6
10,0.41,glh,WT,6.5
10,0.419,glh,WT,7
10,0.427,glh,WT,7.5
10,0.414,glh,WT,8
10,0.421,glh,WT,8.5
10,0.43,glh,WT,9
10,0.426,glh,WT,9.5
10,0.428,glh,WT,10
10,0.441,glh,WT,10.5
10,0.453,glh,WT,11
10,0.45,glh,WT,11.5
10,0.453,glh,WT,12
10,0.461,glh,WT,12.5
10,0.464,glh,WT,13
10,0.475,glh,WT,13.5
10,0.475,glh,WT,14
10,0.481,glh,WT,14.5
10,0.502,glh,WT,15
10,0.495,glh,WT,15.5
10,0.521,glh,WT,16
10,0.525,glh,WT,16.5
10,0.539,glh,WT,17
10,0.549,glh,WT,17.5
10,0.563,glh,WT,18
10,0.576,glh,WT,18.5
10,0.59,glh,WT,19
10,0.591,glh,WT,19.5
10,0.604,glh,WT,20
10,0.608,glh,WT,20.5
10,0.632,glh,WT,21
10,0.619,glh,WT,21.5
10,0.657,glh,WT,22
10,0.655,glh,WT,22.5
10,0.66,glh,WT,23
10,0.684,glh,WT,23.5
10,0.68,glh,WT,24
10,0.687,glh,WT,24.5
10,0.687,glh,WT,25
10,0.684,glh,WT,25.5
10,0.692,glh,WT,26
10,0.688,glh,WT,26.5
10,0.691,glh,WT,27
10,0.704,glh,WT,27.5
10,0.716,glh,WT,28
10,0.729,glh,WT,28.5
10,0.726,glh,WT,29
10,0.735,glh,WT,29.5
10,0.754,glh,WT,30
10,0.757,glh,WT,30.5
10,0.745,glh,WT,31
10,0.76,glh,WT,31.5
10,0.786,glh,WT,32
10,0.792,glh,WT,32.5
10,0.792,glh,WT,33
10,0.797,glh,WT,33.5
10,0.81,glh,WT,34
10,0.812,glh,WT,34.5
10,0.824,glh,WT,35
10,0.827,glh,WT,35.5
10,0.833,glh,WT,36
10,0.838,glh,WT,36.5
10,0.842,glh,WT,37
10,0.851,glh,WT,37.5
10,0.857,glh,WT,38
10,0.862,glh,WT,38.5
10,0.86,glh,WT,39
10,0.889,glh,WT,39.5
10,0.881,glh,WT,40
10,0.885,glh,WT,40.5
10,0.892,glh,WT,41
10,0.907,glh,WT,41.5
10,0.9,glh,WT,42
10,0.912,glh,WT,42.5
10,0.915,glh,WT,43
10,0.91,glh,WT,43.5
10,0.922,glh,WT,44
10,0.923,glh,WT,44.5
10,0.959,glh,WT,45
10,0.947,glh,WT,45.5
10,0.945,glh,WT,46
10,0.928,glh,WT,46.5
10,0.964,glh,WT,47
10,0.945,glh,WT,47.5
10,0.949,glh,WT,48
10,0.959,glh,WT,48.5
10,0.942,glh,WT,49
10,0.955,glh,WT,49.5
10,0.959,glh,WT,50
10,0.938,glh,WT,50.5
10,0.928,glh,WT,51
10,0.923,glh,WT,51.5
10,0.928,glh,WT,52
10,0.924,glh,WT,52.5
10,0.937,glh,WT,53
10,0.936,glh,WT,53.5
10,0.98,glh,WT,54
10,0.96,glh,WT,54.5
10,0.945,glh,WT,55
10,0.959,glh,WT,55.5
10,0.942,glh,WT,56
10,0.937,glh,WT,56.5
10,0.933,glh,WT,57
10,1,glh,WT,-1
11,0.123,glh,WT,0
11,0.157,glh,WT,0.5
11,0.192,glh,WT,1
11,0.202,glh,WT,1.5
11,0.235,glh,WT,2
11,0.254,glh,WT,2.5
11,0.273,glh,WT,3
11,0.283,glh,WT,3.5
11,0.3,glh,WT,4
11,0.322,glh,WT,4.5
11,0.32,glh,WT,5
11,0.341,glh,WT,5.5
11,0.352,glh,WT,6
11,0.358,glh,WT,6.5
11,0.38,glh,WT,7
11,0.391,glh,WT,7.5
11,0.406,glh,WT,8
11,0.425,glh,WT,8.5
11,0.435,glh,WT,9
11,0.444,glh,WT,9.5
11,0.445,glh,WT,10
11,0.466,glh,WT,10.5
11,0.474,glh,WT,11
11,0.491,glh,WT,11.5
11,0.485,glh,WT,12
11,0.493,glh,WT,12.5
11,0.508,glh,WT,13
11,0.531,glh,WT,13.5
11,0.552,glh,WT,14
11,0.546,glh,WT,14.5
11,0.563,glh,WT,15
11,0.573,glh,WT,15.5
11,0.57,glh,WT,16
11,0.576,glh,WT,16.5
11,0.592,glh,WT,17
11,0.6,glh,WT,17.5
11,0.605,glh,WT,18
11,0.608,glh,WT,18.5
11,0.615,glh,WT,19
11,0.618,glh,WT,19.5
11,0.629,glh,WT,20
11,0.623,glh,WT,20.5
11,0.639,glh,WT,21
11,0.657,glh,WT,21.5
11,0.666,glh,WT,22
11,0.674,glh,WT,22.5
11,0.674,glh,WT,23
11,0.688,glh,WT,23.5
11,0.686,glh,WT,24
11,0.706,glh,WT,24.5
11,0.703,glh,WT,25
11,0.701,glh,WT,25.5
11,0.724,glh,WT,26
11,0.724,glh,WT,26.5
11,0.726,glh,WT,27
11,0.75,glh,WT,27.5
11,0.745,glh,WT,28
11,0.737,glh,WT,28.5
11,0.756,glh,WT,29
11,0.764,glh,WT,29.5
11,0.776,glh,WT,30
11,0.793,glh,WT,30.5
11,0.771,glh,WT,31
11,0.778,glh,WT,31.5
11,0.778,glh,WT,32
11,0.789,glh,WT,32.5
11,0.785,glh,WT,33
11,0.787,glh,WT,33.5
11,0.81,glh,WT,34
11,0.821,glh,WT,34.5
11,0.827,glh,WT,35
11,0.834,glh,WT,35.5
11,0.832,glh,WT,36
11,0.852,glh,WT,36.5
11,0.862,glh,WT,37
11,0.869,glh,WT,37.5
11,0.87,glh,WT,38
11,0.874,glh,WT,38.5
11,0.868,glh,WT,39
11,0.879,glh,WT,39.5
11,0.89,glh,WT,40
11,0.883,glh,WT,40.5
11,0.893,glh,WT,41
11,0.89,glh,WT,41.5
11,0.911,glh,WT,42
11,0.905,glh,WT,42.5
11,0.897,glh,WT,43
11,0.912,glh,WT,43.5
11,0.927,glh,WT,44
11,0.911,glh,WT,44.5
11,0.9,glh,WT,45
11,0.918,glh,WT,45.5
11,0.912,glh,WT,46
11,0.921,glh,WT,46.5
11,0.92,glh,WT,47
11,0.929,glh,WT,47.5
11,0.929,glh,WT,48
11,0.925,glh,WT,48.5
11,0.898,glh,WT,49
11,0.918,glh,WT,49.5
11,0.924,glh,WT,50
11,0.941,glh,WT,50.5
11,0.931,glh,WT,51
11,0.937,glh,WT,51.5
11,0.944,glh,WT,52
11,0.939,glh,WT,52.5
11,0.94,glh,WT,53
11,0.938,glh,WT,53.5
11,0.967,glh,WT,54
11,0.944,glh,WT,54.5
11,0.959,glh,WT,55
11,0.953,glh,WT,55.5
11,0.958,glh,WT,56
11,0.956,glh,WT,56.5
11,0.959,glh,WT,57
11,1,glh,WT,-1
12,0.114,glh,WT,0
12,0.164,glh,WT,0.5
12,0.2,glh,WT,1
12,0.248,glh,WT,1.5
12,0.271,glh,WT,2
12,0.301,glh,WT,2.5
12,0.346,glh,WT,3
12,0.368,glh,WT,3.5
12,0.393,glh,WT,4
12,0.407,glh,WT,4.5
12,0.436,glh,WT,5
12,0.465,glh,WT,5.5
12,0.475,glh,WT,6
12,0.479,glh,WT,6.5
12,0.506,glh,WT,7
12,0.517,glh,WT,7.5
12,0.524,glh,WT,8
12,0.535,glh,WT,8.5
12,0.546,glh,WT,9
12,0.539,glh,WT,9.5
12,0.565,glh,WT,10
12,0.567,glh,WT,10.5
12,0.59,glh,WT,11
12,0.607,glh,WT,11.5
12,0.61,glh,WT,12
12,0.613,glh,WT,12.5
12,0.61,glh,WT,13
12,0.627,glh,WT,13.5
12,0.614,glh,WT,14
12,0.641,glh,WT,14.5
12,0.64,glh,WT,15
12,0.667,glh,WT,15.5
12,0.678,glh,WT,16
12,0.679,glh,WT,16.5
12,0.68,glh,WT,17
12,0.697,glh,WT,17.5
12,0.696,glh,WT,18
12,0.698,glh,WT,18.5
12,0.702,glh,WT,19
12,0.708,glh,WT,19.5
12,0.694,glh,WT,20
12,0.677,glh,WT,20.5
12,0.703,glh,WT,21
12,0.705,glh,WT,21.5
12,0.712,glh,WT,22
12,0.721,glh,WT,22.5
12,0.712,glh,WT,23
12,0.721,glh,WT,23.5
12,0.724,glh,WT,24
12,0.711,glh,WT,24.5
12,0.723,glh,WT,25
12,0.726,glh,WT,25.5
12,0.731,glh,WT,26
12,0.734,glh,WT,26.5
12,0.734,glh,WT,27
12,0.739,glh,WT,27.5
12,0.766,glh,WT,28
12,0.755,glh,WT,28.5
12,0.774,glh,WT,29
12,0.783,glh,WT,29.5
12,0.782,glh,WT,30
12,0.789,glh,WT,30.5
12,0.785,glh,WT,31
12,0.795,glh,WT,31.5
12,0.806,glh,WT,32
12,0.814,glh,WT,32.5
12,0.826,glh,WT,33
12,0.817,glh,WT,33.5
12,0.813,glh,WT,34
12,0.812,glh,WT,34.5
12,0.817,glh,WT,35
12,0.812,glh,WT,35.5
12,0.824,glh,WT,36
12,0.814,glh,WT,36.5
12,0.805,glh,WT,37
12,0.82,glh,WT,37.5
12,0.8,glh,WT,38
12,0.809,glh,WT,38.5
12,0.807,glh,WT,39
12,0.812,glh,WT,39.5
12,0.832,glh,WT,40
12,0.85,glh,WT,40.5
12,0.848,glh,WT,41
12,0.84,glh,WT,41.5
12,0.835,glh,WT,42
12,0.847,glh,WT,42.5
12,0.875,glh,WT,43
12,0.905,glh,WT,43.5
12,0.916,glh,WT,44
12,0.916,glh,WT,44.5
12,0.913,glh,WT,45
12,0.922,glh,WT,45.5
12,0.952,glh,WT,46
12,0.95,glh,WT,46.5
12,0.959,glh,WT,47
12,0.969,glh,WT,47.5
12,0.976,glh,WT,48
12,0.989,glh,WT,48.5
12,0.99,glh,WT,49
12,0.99,glh,WT,49.5
12,0.996,glh,WT,50
12,1.003,glh,WT,50.5
12,0.999,glh,WT,51
12,1.007,glh,WT,51.5
12,0.996,glh,WT,52
12,1.025,glh,WT,52.5
12,1.045,glh,WT,53
12,1.038,glh,WT,53.5
12,1.028,glh,WT,54
12,1.034,glh,WT,54.5
12,1.006,glh,WT,55
12,1.001,glh,WT,55.5
12,1.052,glh,WT,56
12,1.053,glh,WT,56.5
12,1.055,glh,WT,57
12,1,glh,WT,-1