"YLR044C"	"YHR174W"	"YPR035W"
"1_MinimalGlucose"	43	48	4
"2_MinimalGlucose"	26	18	5
"3_MinimalGlucose"	14	5	1
"4_MinimalGlucose"	8	6	3
"5_MinimalGlucose"	26	12	0
"6_MinimalGlucose"	32	29	3
"7_MinimalGlucose"	24	25	1
"8_MinimalGlucose"	95	63	8
"9_MinimalGlucose"	19	21	5
"10_MinimalGlucose"	28	34	4
"11_MinimalGlucose"	98	117	13
"12_MinimalGlucose"	63	50	14
"13_MinimalGlucose"	69	47	18
"14_MinimalGlucose"	132	92	9
"15_MinimalGlucose"	159	119	26
"16_MinimalGlucose"	78	90	14
"17_MinimalGlucose"	40	69	9
"18_MinimalGlucose"	28	19	3
"19_MinimalGlucose"	61	34	20
"20_MinimalGlucose"	190	123	22
"21_MinimalGlucose"	46	30	6
"22_MinimalGlucose"	16	9	5
"23_MinimalGlucose"	32	30	5
"24_MinimalGlucose"	16	11	1
"25_MinimalGlucose"	17	13	2
"26_MinimalGlucose"	28	16	1
"27_MinimalGlucose"	48	36	3
"28_MinimalGlucose"	51	26	6
"29_MinimalGlucose"	18	17	2
"30_MinimalGlucose"	64	78	7
"31_MinimalGlucose"	23	11	1
"32_MinimalGlucose"	63	49	6
"33_MinimalGlucose"	52	72	32
"34_MinimalGlucose"	18	17	2
"35_MinimalGlucose"	48	46	2
"36_MinimalGlucose"	82	78	6
"37_MinimalGlucose"	87	71	3
"38_MinimalGlucose"	31	41	1
"39_MinimalGlucose"	21	13	2
"40_MinimalGlucose"	42	69	18
"41_MinimalGlucose"	9	12	3
"42_MinimalGlucose"	40	38	11
"43_MinimalGlucose"	15	23	7
"44_MinimalGlucose"	113	96	12
"45_MinimalGlucose"	116	42	5
"46_MinimalGlucose"	40	19	7
"47_MinimalGlucose"	63	59	26
"48_MinimalGlucose"	27	37	11
"49_MinimalGlucose"	53	51	11
"50_MinimalGlucose"	39	15	2
"51_MinimalGlucose"	94	74	4
"52_MinimalGlucose"	22	23	7
"53_MinimalGlucose"	153	180	23
"54_MinimalGlucose"	35	22	2
"55_MinimalGlucose"	18	15	1
"56_MinimalGlucose"	90	52	14
"57_MinimalGlucose"	144	128	10
"58_MinimalGlucose"	35	19	6
"59_MinimalGlucose"	137	109	2
"60_MinimalGlucose"	96	100	11
"61_MinimalGlucose"	21	20	3
"62_MinimalGlucose"	14	7	6
"63_MinimalGlucose"	49	25	6
"64_MinimalGlucose"	39	18	1
"65_MinimalGlucose"	25	17	2
"66_MinimalGlucose"	39	33	5
"67_MinimalGlucose"	160	165	21
"68_MinimalGlucose"	18	18	3
"69_MinimalGlucose"	49	62	15
"70_MinimalGlucose"	9	19	14
"71_MinimalGlucose"	35	33	5
"72_MinimalGlucose"	65	52	6
"73_MinimalGlucose"	27	24	1
"74_MinimalGlucose"	13	20	6
"75_MinimalGlucose"	52	30	5
"76_MinimalGlucose"	24	22	4
"77_MinimalGlucose"	18	15	5
"78_MinimalGlucose"	78	76	18
"79_MinimalGlucose"	32	28	7
"80_MinimalGlucose"	76	49	9
"81_MinimalGlucose"	18	20	5
"82_MinimalGlucose"	33	37	10
"83_MinimalGlucose"	31	25	4
"84_MinimalGlucose"	21	17	3
"85_MinimalGlucose"	86	60	8
"86_MinimalGlucose"	21	17	4
"87_MinimalGlucose"	26	24	1
"88_MinimalGlucose"	14	26	5
"89_MinimalGlucose"	53	43	8
"90_MinimalGlucose"	17	20	6
"91_MinimalGlucose"	122	93	11
"92_MinimalGlucose"	14	8	2
"93_MinimalGlucose"	42	34	2
"94_MinimalGlucose"	10	14	4
"95_MinimalGlucose"	9	17	4
"96_MinimalGlucose"	22	20	10
"97_MinimalGlucose"	32	55	12
"98_MinimalGlucose"	286	281	73
"99_MinimalGlucose"	35	29	8
"100_MinimalGlucose"	89	80	29
"101_MinimalGlucose"	46	30	5
"102_MinimalGlucose"	27	29	3
"103_MinimalGlucose"	56	52	9
"104_MinimalGlucose"	84	85	10
"105_MinimalGlucose"	48	16	6
"106_MinimalGlucose"	43	43	2
"107_MinimalGlucose"	101	73	32
"108_MinimalGlucose"	115	95	11
"109_MinimalGlucose"	15	20	3
"110_MinimalGlucose"	24	11	4
"111_MinimalGlucose"	121	159	22
"112_MinimalGlucose"	21	11	4
"113_MinimalGlucose"	67	41	6
"114_MinimalGlucose"	73	59	7
"115_MinimalGlucose"	31	21	2
"116_MinimalGlucose"	32	36	5
"117_MinimalGlucose"	21	24	3
"118_MinimalGlucose"	40	52	5
"119_MinimalGlucose"	206	173	26
"120_MinimalGlucose"	163	139	15
"121_MinimalGlucose"	43	35	7
"122_MinimalGlucose"	67	65	18
"123_MinimalGlucose"	28	28	2
"124_MinimalGlucose"	27	27	5
"125_MinimalGlucose"	41	33	8
"126_MinimalGlucose"	13	10	0
"127_MinimalGlucose"	7	32	5
"128_MinimalGlucose"	133	136	15
"129_MinimalGlucose"	10	17	2
"130_MinimalGlucose"	58	38	6
"131_MinimalGlucose"	102	120	17
"132_MinimalGlucose"	57	50	3
"133_MinimalGlucose"	66	52	9
"134_MinimalGlucose"	72	47	3
"135_MinimalGlucose"	13	19	3
"136_MinimalGlucose"	46	28	4
"137_MinimalGlucose"	27	17	10
"138_MinimalGlucose"	20	16	4
"139_MinimalGlucose"	62	47	6
"140_MinimalGlucose"	87	46	3
"141_MinimalGlucose"	129	87	14
"142_MinimalGlucose"	72	35	6
"143_MinimalGlucose"	45	40	9
"144_MinimalGlucose"	62	37	5
"145_MinimalGlucose"	41	33	6
"146_MinimalGlucose"	70	76	10
"147_MinimalGlucose"	11	19	3
"148_MinimalGlucose"	200	185	26
"149_MinimalGlucose"	101	49	21
"150_MinimalGlucose"	75	81	11
"151_MinimalGlucose"	28	29	2
"152_MinimalGlucose"	68	37	0
"153_MinimalGlucose"	45	26	5
"154_MinimalGlucose"	70	84	18
"155_MinimalGlucose"	162	150	24
"156_MinimalGlucose"	15	30	3
"157_MinimalGlucose"	64	95	10
"158_MinimalGlucose"	124	75	9
"159_MinimalGlucose"	110	101	33
"160_MinimalGlucose"	28	29	5
"161_MinimalGlucose"	53	29	11
"162_MinimalGlucose"	53	36	2
"163_MinimalGlucose"	30	18	2
"164_MinimalGlucose"	62	81	16
"165_MinimalGlucose"	83	46	12
"166_MinimalGlucose"	224	129	35
"167_MinimalGlucose"	163	104	12
"168_MinimalGlucose"	53	58	8
"169_MinimalGlucose"	73	76	3
"170_MinimalGlucose"	14	6	1
"171_MinimalGlucose"	42	40	7
"172_MinimalGlucose"	75	33	8
"173_MinimalGlucose"	35	30	10
"174_MinimalGlucose"	26	37	8
"175_MinimalGlucose"	169	89	20
"176_MinimalGlucose"	38	34	4
"177_MinimalGlucose"	59	35	6
"178_MinimalGlucose"	34	45	5
"179_MinimalGlucose"	84	38	0
"180_MinimalGlucose"	23	19	3
"181_MinimalGlucose"	155	125	30
"182_MinimalGlucose"	119	90	28
"183_MinimalGlucose"	25	17	1
"184_MinimalGlucose"	14	26	1
"185_MinimalGlucose"	394	218	36
"186_MinimalGlucose"	24	16	4
"187_MinimalGlucose"	23	32	5
"188_MinimalGlucose"	20	15	3
"189_MinimalGlucose"	15	20	1
"190_MinimalGlucose"	42	35	17
"191_MinimalGlucose"	28	14	2
"192_MinimalGlucose"	27	16	1
"193_MinimalGlucose"	14	18	1
"194_MinimalGlucose"	102	64	17
"195_MinimalGlucose"	55	48	4
"196_MinimalGlucose"	127	99	19
"197_MinimalGlucose"	91	93	16
"198_MinimalGlucose"	54	42	8
"199_MinimalGlucose"	32	29	2
"200_MinimalGlucose"	215	144	42
"201_MinimalGlucose"	134	96	32
"202_MinimalGlucose"	5	11	1
"203_MinimalGlucose"	54	13	4
"204_MinimalGlucose"	36	21	3
"205_MinimalGlucose"	10	11	4
"206_MinimalGlucose"	43	30	3
"207_MinimalGlucose"	29	38	3
"208_MinimalGlucose"	116	95	15
"209_MinimalGlucose"	61	48	2
"210_MinimalGlucose"	98	94	30
"211_MinimalGlucose"	74	67	8
"212_MinimalGlucose"	256	213	33
"213_MinimalGlucose"	18	12	0
"214_MinimalGlucose"	88	78	27
"215_MinimalGlucose"	88	53	20
"216_MinimalGlucose"	39	33	9
"217_MinimalGlucose"	12	8	0
"218_MinimalGlucose"	139	135	29
"219_MinimalGlucose"	35	24	4
"220_MinimalGlucose"	67	65	18
"221_MinimalGlucose"	17	13	3
"222_MinimalGlucose"	221	104	7
"223_MinimalGlucose"	56	69	10
"224_MinimalGlucose"	66	52	12
"225_MinimalGlucose"	18	12	2
"226_MinimalGlucose"	169	244	38
"227_MinimalGlucose"	24	19	6
"228_MinimalGlucose"	131	153	8
"229_MinimalGlucose"	56	46	7
"230_MinimalGlucose"	142	112	19
"231_MinimalGlucose"	25	29	6
"232_MinimalGlucose"	28	43	5
"233_MinimalGlucose"	24	24	2
"234_MinimalGlucose"	60	100	6
"235_MinimalGlucose"	35	34	4
"236_MinimalGlucose"	10	22	0
"237_MinimalGlucose"	24	19	3
"238_MinimalGlucose"	31	31	3
"239_MinimalGlucose"	15	24	8
"240_MinimalGlucose"	51	23	6
"241_MinimalGlucose"	105	98	24
"242_MinimalGlucose"	70	97	16
"243_MinimalGlucose"	12	22	7
"244_MinimalGlucose"	83	60	2
"245_MinimalGlucose"	17	13	3
"246_MinimalGlucose"	45	57	2
"247_MinimalGlucose"	82	66	3
"248_MinimalGlucose"	21	10	1
"249_MinimalGlucose"	57	56	17
"250_MinimalGlucose"	23	17	0
"251_MinimalGlucose"	233	192	15
"252_MinimalGlucose"	22	20	10
"253_MinimalGlucose"	36	31	4
"254_MinimalGlucose"	18	6	0
"255_MinimalGlucose"	82	69	5
"256_MinimalGlucose"	154	137	16
"257_MinimalGlucose"	118	122	11
"258_MinimalGlucose"	46	38	3
"259_MinimalGlucose"	112	126	26
"260_MinimalGlucose"	24	9	2
"261_MinimalGlucose"	22	13	6
"262_MinimalGlucose"	121	99	19
"263_MinimalGlucose"	157	93	7
"264_MinimalGlucose"	20	16	2
"265_MinimalGlucose"	132	84	21
"266_MinimalGlucose"	11	5	8
"267_MinimalGlucose"	23	19	4
"268_MinimalGlucose"	50	62	3
"269_MinimalGlucose"	107	141	12
"270_MinimalGlucose"	67	30	6
"271_MinimalGlucose"	25	12	1
"272_MinimalGlucose"	29	28	11
"273_MinimalGlucose"	175	122	21
"274_MinimalGlucose"	25	24	6
"275_MinimalGlucose"	7	3	3
"276_MinimalGlucose"	75	55	10
"277_MinimalGlucose"	162	126	22
"278_MinimalGlucose"	52	21	5
"279_MinimalGlucose"	57	66	11
"280_MinimalGlucose"	242	155	43
"281_MinimalGlucose"	128	96	12
"282_MinimalGlucose"	27	9	6
"283_MinimalGlucose"	23	18	6
"284_MinimalGlucose"	26	20	2
"285_MinimalGlucose"	57	61	10
"286_MinimalGlucose"	23	20	8
"287_MinimalGlucose"	115	28	11
"288_MinimalGlucose"	32	21	2
"289_MinimalGlucose"	53	39	18
"290_MinimalGlucose"	166	110	10
"291_MinimalGlucose"	70	104	19
"292_MinimalGlucose"	38	29	8
"293_MinimalGlucose"	136	88	13
"294_MinimalGlucose"	104	91	16
"295_MinimalGlucose"	5	9	1
"296_MinimalGlucose"	76	60	11
"297_MinimalGlucose"	28	37	11
"298_MinimalGlucose"	114	60	14
"299_MinimalGlucose"	17	15	4
"300_MinimalGlucose"	86	44	12
"301_MinimalGlucose"	33	18	3
"302_MinimalGlucose"	139	88	5
"303_MinimalGlucose"	162	89	32
"304_MinimalGlucose"	124	46	24
"305_MinimalGlucose"	40	21	7
"306_MinimalGlucose"	70	44	4
"307_MinimalGlucose"	40	41	16
"308_MinimalGlucose"	97	106	7
"309_MinimalGlucose"	94	89	9
"310_MinimalGlucose"	109	129	33
"311_MinimalGlucose"	35	37	7
"312_MinimalGlucose"	18	19	2
"313_MinimalGlucose"	52	32	3
"314_MinimalGlucose"	36	39	6
"315_MinimalGlucose"	293	247	43
"316_MinimalGlucose"	15	23	2
"317_MinimalGlucose"	145	125	44
"318_MinimalGlucose"	38	33	6
"319_MinimalGlucose"	33	37	8
"320_MinimalGlucose"	94	88	11
"321_MinimalGlucose"	31	32	7
"322_MinimalGlucose"	3	8	0
"323_MinimalGlucose"	18	9	0
"324_MinimalGlucose"	7	6	0
"325_MinimalGlucose"	17	17	0
"326_MinimalGlucose"	34	21	5
"327_MinimalGlucose"	125	98	15
"328_MinimalGlucose"	61	59	7
"329_MinimalGlucose"	125	61	27
"330_MinimalGlucose"	53	41	10
"331_MinimalGlucose"	34	36	5
"332_MinimalGlucose"	15	14	4
"333_MinimalGlucose"	19	10	2
"334_MinimalGlucose"	31	21	6
"335_MinimalGlucose"	60	51	12
"336_MinimalGlucose"	27	25	2
"337_MinimalGlucose"	34	55	3
"338_MinimalGlucose"	61	62	18
"339_MinimalGlucose"	31	18	10
"340_MinimalGlucose"	13	12	2
"341_MinimalGlucose"	41	29	1
"342_MinimalGlucose"	37	24	0
"343_MinimalGlucose"	35	12	4
"344_MinimalGlucose"	24	24	4
"345_MinimalGlucose"	10	8	5
"346_MinimalGlucose"	24	31	3
"347_MinimalGlucose"	52	54	9
"348_MinimalGlucose"	17	28	4
"349_MinimalGlucose"	43	15	5
"350_MinimalGlucose"	24	24	1
"351_MinimalGlucose"	73	82	22
"352_MinimalGlucose"	111	112	19
"353_MinimalGlucose"	28	40	8
"354_MinimalGlucose"	93	77	10
"355_MinimalGlucose"	11	30	11
"356_MinimalGlucose"	97	77	26
"357_MinimalGlucose"	22	22	2
"358_MinimalGlucose"	46	69	12
"359_MinimalGlucose"	172	121	38
"360_MinimalGlucose"	17	18	3
"361_MinimalGlucose"	30	17	3
"362_MinimalGlucose"	18	20	1
"363_MinimalGlucose"	139	84	13
"364_MinimalGlucose"	20	20	1
"365_MinimalGlucose"	56	101	7
"366_MinimalGlucose"	42	32	8
"367_MinimalGlucose"	67	55	10
"368_MinimalGlucose"	23	25	9
"369_MinimalGlucose"	14	23	1
"370_MinimalGlucose"	43	17	6
"371_MinimalGlucose"	22	7	4
"372_MinimalGlucose"	226	135	37
"373_MinimalGlucose"	50	40	8
"374_MinimalGlucose"	28	55	12
"375_MinimalGlucose"	77	91	8
"376_MinimalGlucose"	31	5	6
"377_MinimalGlucose"	17	14	5
"378_MinimalGlucose"	34	32	4
"379_MinimalGlucose"	34	19	3
"380_MinimalGlucose"	50	41	9
"381_MinimalGlucose"	52	30	6
"382_MinimalGlucose"	40	24	4
"383_MinimalGlucose"	31	21	10
"384_MinimalGlucose"	31	51	5
"385_MinimalGlucose"	17	20	4
"386_MinimalGlucose"	27	25	3
"387_MinimalGlucose"	71	107	22
"388_MinimalGlucose"	73	56	9
"389_MinimalGlucose"	40	29	3
"390_MinimalGlucose"	141	214	43
"391_MinimalGlucose"	60	42	11
"392_MinimalGlucose"	36	54	11
"393_MinimalGlucose"	42	24	1
"394_MinimalGlucose"	23	17	1
"395_MinimalGlucose"	22	15	1
"396_MinimalGlucose"	46	39	5
"397_MinimalGlucose"	12	7	6
"398_MinimalGlucose"	22	27	2
"399_MinimalGlucose"	31	26	3
"400_MinimalGlucose"	36	61	9
"401_MinimalGlucose"	22	15	2
"402_MinimalGlucose"	26	37	10
"403_MinimalGlucose"	83	81	9
"404_MinimalGlucose"	65	60	8
"405_MinimalGlucose"	34	12	8
"406_MinimalGlucose"	17	16	5
"407_MinimalGlucose"	64	69	6
"408_MinimalGlucose"	45	40	9
"409_MinimalGlucose"	30	30	4
"410_MinimalGlucose"	32	40	6
"411_MinimalGlucose"	26	20	2
"412_MinimalGlucose"	41	43	11
"413_MinimalGlucose"	22	16	5
"414_MinimalGlucose"	54	47	8
"415_MinimalGlucose"	26	37	5
"416_MinimalGlucose"	15	9	2
"417_MinimalGlucose"	10	12	3
"418_MinimalGlucose"	35	20	2
"419_MinimalGlucose"	28	22	5
"420_MinimalGlucose"	53	39	5
"421_MinimalGlucose"	48	57	17
"422_MinimalGlucose"	23	29	7
"423_MinimalGlucose"	64	75	17
"424_MinimalGlucose"	25	10	2
"425_MinimalGlucose"	74	53	11
"426_MinimalGlucose"	24	41	4
"427_MinimalGlucose"	105	111	14
"428_MinimalGlucose"	35	16	11
"429_MinimalGlucose"	13	15	7
"430_MinimalGlucose"	93	53	8
"431_MinimalGlucose"	62	27	2
"432_MinimalGlucose"	19	10	2
"433_MinimalGlucose"	33	12	3
"434_MinimalGlucose"	51	22	11
"435_MinimalGlucose"	23	26	2
"436_MinimalGlucose"	32	29	5
"437_MinimalGlucose"	45	54	4
"438_MinimalGlucose"	103	101	12
"439_MinimalGlucose"	26	21	12
"440_MinimalGlucose"	13	8	2
"441_MinimalGlucose"	92	145	34
"442_MinimalGlucose"	34	33	2
"443_MinimalGlucose"	13	15	4
"444_MinimalGlucose"	15	14	4
"445_MinimalGlucose"	25	16	5
"446_MinimalGlucose"	20	33	2
"447_MinimalGlucose"	89	52	12
"448_MinimalGlucose"	103	122	14
"449_MinimalGlucose"	104	97	23
"450_MinimalGlucose"	139	66	12
"451_MinimalGlucose"	64	48	8
"452_MinimalGlucose"	55	31	9
"453_MinimalGlucose"	82	84	13
"454_MinimalGlucose"	34	29	0
"455_MinimalGlucose"	154	179	46
"456_MinimalGlucose"	27	26	5
"457_MinimalGlucose"	63	54	5
"458_MinimalGlucose"	36	30	1
"459_MinimalGlucose"	61	41	6
"460_MinimalGlucose"	22	19	8
"461_MinimalGlucose"	48	63	9
"462_MinimalGlucose"	58	64	3
"463_MinimalGlucose"	24	32	6
"464_MinimalGlucose"	43	41	6
"465_MinimalGlucose"	20	17	7
"466_MinimalGlucose"	20	19	4
"467_MinimalGlucose"	135	105	6
"468_MinimalGlucose"	13	7	3
"469_MinimalGlucose"	94	75	14
"470_MinimalGlucose"	21	12	3
"471_MinimalGlucose"	123	139	20
"472_MinimalGlucose"	41	25	3
"473_MinimalGlucose"	51	50	9
"474_MinimalGlucose"	22	36	5
"475_MinimalGlucose"	26	21	8
"476_MinimalGlucose"	14	12	2
"477_MinimalGlucose"	15	15	0
"478_MinimalGlucose"	38	34	3
"479_MinimalGlucose"	64	31	4
"480_MinimalGlucose"	46	35	2
"481_MinimalGlucose"	22	18	6
"482_MinimalGlucose"	165	138	28
"483_MinimalGlucose"	27	13	3
"484_MinimalGlucose"	31	19	7
"485_MinimalGlucose"	23	23	6
"486_MinimalGlucose"	83	75	8
"487_MinimalGlucose"	98	67	16
"488_MinimalGlucose"	70	67	17
"489_MinimalGlucose"	97	97	16
"490_MinimalGlucose"	17	21	2
"491_MinimalGlucose"	18	14	5
"492_MinimalGlucose"	31	29	3
"493_MinimalGlucose"	21	26	7
"494_MinimalGlucose"	27	17	1
"495_MinimalGlucose"	50	51	15
"496_MinimalGlucose"	43	44	2
"497_MinimalGlucose"	37	41	16
"498_MinimalGlucose"	37	21	2
"499_MinimalGlucose"	168	110	30
"500_MinimalGlucose"	68	41	8
"501_MinimalGlucose"	51	28	7
"502_MinimalGlucose"	27	27	2
"503_MinimalGlucose"	9	11	2
"504_MinimalGlucose"	96	78	22
"505_MinimalGlucose"	48	33	2
"506_MinimalGlucose"	190	157	54
"507_MinimalGlucose"	25	11	9
"508_MinimalGlucose"	35	46	11
"509_MinimalGlucose"	48	42	7
"510_MinimalGlucose"	29	29	3
"511_MinimalGlucose"	5	11	3
"512_MinimalGlucose"	16	22	8
"513_MinimalGlucose"	96	80	15
"514_MinimalGlucose"	76	179	39
"515_MinimalGlucose"	54	52	13
"516_MinimalGlucose"	21	13	1
"517_MinimalGlucose"	21	5	2
"518_MinimalGlucose"	43	31	1
"519_MinimalGlucose"	34	20	2
"520_MinimalGlucose"	50	19	15
"521_MinimalGlucose"	4	5	0
"522_MinimalGlucose"	18	27	2
"523_MinimalGlucose"	17	19	1
"524_MinimalGlucose"	32	13	1
"525_MinimalGlucose"	28	20	0
"526_MinimalGlucose"	32	26	4
"527_MinimalGlucose"	45	35	5
"528_MinimalGlucose"	110	70	19
"529_MinimalGlucose"	35	26	3
"530_MinimalGlucose"	137	204	37
"531_MinimalGlucose"	109	77	11
"532_MinimalGlucose"	45	40	7
"533_MinimalGlucose"	21	25	7
"534_MinimalGlucose"	13	15	0
"535_MinimalGlucose"	64	64	29
"536_MinimalGlucose"	14	25	2
"537_MinimalGlucose"	129	92	14
"538_MinimalGlucose"	33	31	8
"539_MinimalGlucose"	34	34	7
"540_MinimalGlucose"	129	87	9
"541_MinimalGlucose"	24	25	3
"542_MinimalGlucose"	71	43	8
"543_MinimalGlucose"	11	17	2
"544_MinimalGlucose"	33	24	5
"545_MinimalGlucose"	58	54	7
"546_MinimalGlucose"	23	24	6
"547_MinimalGlucose"	66	92	19
"548_MinimalGlucose"	22	25	8
"549_MinimalGlucose"	33	27	2
"550_MinimalGlucose"	28	17	5
"551_MinimalGlucose"	18	9	20
"552_MinimalGlucose"	18	13	6
"553_MinimalGlucose"	83	83	10
"554_MinimalGlucose"	107	85	14
"555_MinimalGlucose"	32	35	10
"556_MinimalGlucose"	16	22	6
"557_MinimalGlucose"	33	25	11
"558_MinimalGlucose"	29	22	5
"559_MinimalGlucose"	25	31	6
"560_MinimalGlucose"	42	54	7
"561_MinimalGlucose"	20	15	3
"562_MinimalGlucose"	79	110	14
"563_MinimalGlucose"	16	16	6
"564_MinimalGlucose"	24	8	0
"565_MinimalGlucose"	37	15	2
"566_MinimalGlucose"	95	62	8
"567_MinimalGlucose"	104	95	18
"568_MinimalGlucose"	39	42	5
"569_MinimalGlucose"	54	44	10
"570_MinimalGlucose"	17	39	3
"571_MinimalGlucose"	32	17	8
"572_MinimalGlucose"	79	55	16
"573_MinimalGlucose"	149	97	24
"574_MinimalGlucose"	12	15	3
"575_MinimalGlucose"	43	47	3
"576_MinimalGlucose"	26	20	2
"577_MinimalGlucose"	57	41	3
"578_MinimalGlucose"	21	29	4
"579_MinimalGlucose"	16	14	0
"580_MinimalGlucose"	124	135	24
"581_MinimalGlucose"	70	26	9
"582_MinimalGlucose"	21	12	0
"583_MinimalGlucose"	59	26	2
"584_MinimalGlucose"	32	20	3
"585_MinimalGlucose"	56	70	14
"586_MinimalGlucose"	41	39	2
"587_MinimalGlucose"	17	8	5
"588_MinimalGlucose"	24	25	6
"589_MinimalGlucose"	67	73	13
"590_MinimalGlucose"	24	26	6
"591_MinimalGlucose"	59	45	5
"592_MinimalGlucose"	62	86	14
"593_MinimalGlucose"	26	18	1
"594_MinimalGlucose"	18	8	2
"595_MinimalGlucose"	48	45	6
"596_MinimalGlucose"	57	41	9
"597_MinimalGlucose"	33	27	5
"598_MinimalGlucose"	14	19	7
"599_MinimalGlucose"	39	39	6
"600_MinimalGlucose"	45	37	5
"601_MinimalGlucose"	11	16	6
"602_MinimalGlucose"	23	21	0
"603_MinimalGlucose"	37	16	1
"604_MinimalGlucose"	125	105	45
"605_MinimalGlucose"	21	27	0
"606_MinimalGlucose"	24	25	0
"607_MinimalGlucose"	22	17	6
"608_MinimalGlucose"	86	93	8
"609_MinimalGlucose"	28	16	3
"610_MinimalGlucose"	50	36	6
"611_MinimalGlucose"	21	18	9
"612_MinimalGlucose"	12	23	2
"613_MinimalGlucose"	80	63	12
"614_MinimalGlucose"	23	16	5
"615_MinimalGlucose"	70	49	10
"616_MinimalGlucose"	58	38	11
"617_MinimalGlucose"	38	32	7
"618_MinimalGlucose"	27	15	5
"619_MinimalGlucose"	12	18	3
"620_MinimalGlucose"	26	37	5
"621_MinimalGlucose"	8	18	4
"622_MinimalGlucose"	39	40	2
"623_MinimalGlucose"	46	55	11
"624_MinimalGlucose"	109	55	13
"625_MinimalGlucose"	40	40	3
"626_MinimalGlucose"	30	30	6
"627_MinimalGlucose"	28	23	2
"628_MinimalGlucose"	10	12	1
"629_MinimalGlucose"	33	32	12
"630_MinimalGlucose"	79	92	31
"631_MinimalGlucose"	20	26	0
"632_MinimalGlucose"	102	114	23
"633_MinimalGlucose"	103	79	14
"634_MinimalGlucose"	11	13	3
"635_MinimalGlucose"	26	17	3
"636_MinimalGlucose"	38	29	4
"637_MinimalGlucose"	22	27	8
"638_MinimalGlucose"	74	74	8
"639_MinimalGlucose"	25	25	5
"640_MinimalGlucose"	20	14	1
"641_MinimalGlucose"	11	16	1
"642_MinimalGlucose"	17	22	1
"643_MinimalGlucose"	9	16	0
"644_MinimalGlucose"	32	18	1
"645_MinimalGlucose"	79	37	10
"646_MinimalGlucose"	31	23	4
"647_MinimalGlucose"	30	33	3
"648_MinimalGlucose"	24	26	4
"649_MinimalGlucose"	263	159	61
"650_MinimalGlucose"	46	46	11
"651_MinimalGlucose"	35	39	3
"652_MinimalGlucose"	21	23	2
"653_MinimalGlucose"	62	62	9
"654_MinimalGlucose"	32	28	3
"655_MinimalGlucose"	84	97	33
"656_MinimalGlucose"	15	21	3
"657_MinimalGlucose"	47	42	0
"658_MinimalGlucose"	13	10	2
"659_MinimalGlucose"	69	58	18
"660_MinimalGlucose"	116	88	14
"661_MinimalGlucose"	60	46	14
"662_MinimalGlucose"	38	30	8
"663_MinimalGlucose"	54	57	4
"664_MinimalGlucose"	51	40	6
"665_MinimalGlucose"	56	41	6
"666_MinimalGlucose"	38	44	4
"667_MinimalGlucose"	11	6	2
"668_MinimalGlucose"	93	59	6
"669_MinimalGlucose"	28	11	2
"670_MinimalGlucose"	70	59	13
"671_MinimalGlucose"	26	11	3
"672_MinimalGlucose"	17	11	0
"673_MinimalGlucose"	36	38	5
"674_MinimalGlucose"	21	18	2
"675_MinimalGlucose"	35	13	4
"676_MinimalGlucose"	16	6	0
"677_MinimalGlucose"	11	9	0
"678_MinimalGlucose"	37	53	30
"679_MinimalGlucose"	49	30	7
"680_MinimalGlucose"	27	27	6
"681_MinimalGlucose"	14	10	2
"682_MinimalGlucose"	30	15	5
"683_MinimalGlucose"	69	71	9
"684_MinimalGlucose"	46	29	2
"685_MinimalGlucose"	21	20	3
"686_MinimalGlucose"	23	11	4
"687_MinimalGlucose"	5	13	2
"688_MinimalGlucose"	52	76	16
"689_MinimalGlucose"	22	27	2
"690_MinimalGlucose"	24	22	4
"691_MinimalGlucose"	21	30	1
"692_MinimalGlucose"	21	16	0
"693_MinimalGlucose"	105	73	29
"694_MinimalGlucose"	13	12	2
"695_MinimalGlucose"	42	48	4
"696_MinimalGlucose"	47	30	5
"697_MinimalGlucose"	123	53	12
"698_MinimalGlucose"	35	20	5
"699_MinimalGlucose"	50	66	10
"700_MinimalGlucose"	177	154	19
"701_MinimalGlucose"	21	28	4
"702_MinimalGlucose"	115	79	19
"703_MinimalGlucose"	37	10	8
"704_MinimalGlucose"	46	47	6
"705_MinimalGlucose"	23	31	3
"706_MinimalGlucose"	21	16	12
"707_MinimalGlucose"	57	39	11
"708_MinimalGlucose"	54	46	2
"709_MinimalGlucose"	13	5	0
"710_MinimalGlucose"	19	10	0
"711_MinimalGlucose"	9	11	4
"712_MinimalGlucose"	156	104	17
"713_MinimalGlucose"	32	25	4
"714_MinimalGlucose"	29	12	4
"715_MinimalGlucose"	19	19	17
"716_MinimalGlucose"	72	42	9
"717_MinimalGlucose"	68	65	8
"718_MinimalGlucose"	22	20	8
"719_MinimalGlucose"	86	73	13
"720_MinimalGlucose"	24	19	4
"721_MinimalGlucose"	56	40	7
"722_MinimalGlucose"	49	33	5
"723_MinimalGlucose"	38	25	1
"724_MinimalGlucose"	16	7	1
"725_MinimalGlucose"	30	34	2
"726_MinimalGlucose"	68	67	27
"727_MinimalGlucose"	38	63	11
"728_MinimalGlucose"	15	24	6
"729_MinimalGlucose"	23	13	7
"730_MinimalGlucose"	46	31	3
"731_MinimalGlucose"	135	118	24
"732_MinimalGlucose"	44	29	10
"733_MinimalGlucose"	28	32	4
"734_MinimalGlucose"	20	27	6
"735_MinimalGlucose"	50	36	8
"736_MinimalGlucose"	50	42	8
"737_MinimalGlucose"	34	20	6
"738_MinimalGlucose"	27	20	5
"739_MinimalGlucose"	22	17	2
"740_MinimalGlucose"	92	58	23
"741_MinimalGlucose"	21	32	3
"742_MinimalGlucose"	41	28	6
"743_MinimalGlucose"	62	30	7
"744_MinimalGlucose"	153	109	2
"745_MinimalGlucose"	14	12	4
"746_MinimalGlucose"	34	21	8
"747_MinimalGlucose"	44	26	1
"748_MinimalGlucose"	26	16	4
"749_MinimalGlucose"	61	41	10
"750_MinimalGlucose"	96	68	10
"751_MinimalGlucose"	14	15	2
"752_MinimalGlucose"	160	142	14
"753_MinimalGlucose"	54	77	17
"754_MinimalGlucose"	22	28	3
"755_MinimalGlucose"	73	41	1
"756_MinimalGlucose"	16	18	3
"757_MinimalGlucose"	28	27	5
"758_MinimalGlucose"	54	57	13
"759_MinimalGlucose"	66	70	14
"760_MinimalGlucose"	29	24	2
"761_MinimalGlucose"	12	15	0
"762_MinimalGlucose"	38	54	13
"763_MinimalGlucose"	36	30	10
"764_MinimalGlucose"	83	56	7
"765_MinimalGlucose"	66	68	14
"766_MinimalGlucose"	35	59	17
"767_MinimalGlucose"	15	17	2
"768_MinimalGlucose"	36	19	8
"769_MinimalGlucose"	64	18	5
"770_MinimalGlucose"	25	16	7
"771_MinimalGlucose"	44	23	9
"772_MinimalGlucose"	47	32	5
"773_MinimalGlucose"	19	21	8
"774_MinimalGlucose"	11	11	2
"775_MinimalGlucose"	106	59	3
"776_MinimalGlucose"	34	39	4
"777_MinimalGlucose"	36	30	1
"778_MinimalGlucose"	23	15	6
"779_MinimalGlucose"	32	47	14
"780_MinimalGlucose"	55	26	9
"781_MinimalGlucose"	114	104	20
"782_MinimalGlucose"	43	29	3
"783_MinimalGlucose"	47	49	4
"784_MinimalGlucose"	12	13	1
"785_MinimalGlucose"	11	10	1
"786_MinimalGlucose"	18	12	1
"787_MinimalGlucose"	58	26	4
"788_MinimalGlucose"	87	69	10
"789_MinimalGlucose"	19	20	10
"790_MinimalGlucose"	31	19	4
"791_MinimalGlucose"	53	22	5
"792_MinimalGlucose"	18	13	4
"793_MinimalGlucose"	57	39	9
"794_MinimalGlucose"	35	40	6
"795_MinimalGlucose"	46	31	9
"796_MinimalGlucose"	29	25	1
"797_MinimalGlucose"	27	25	8
"798_MinimalGlucose"	139	180	20
"799_MinimalGlucose"	16	6	3
"800_MinimalGlucose"	208	179	26
"801_MinimalGlucose"	58	73	16
"802_MinimalGlucose"	33	32	6
"803_MinimalGlucose"	64	58	15
"804_MinimalGlucose"	30	11	4
"805_MinimalGlucose"	80	68	19
"806_MinimalGlucose"	35	22	9
"807_MinimalGlucose"	23	15	3
"808_MinimalGlucose"	28	35	3
"809_MinimalGlucose"	20	13	2
"810_MinimalGlucose"	32	37	2
"811_MinimalGlucose"	27	11	9
"812_MinimalGlucose"	61	55	4
"813_MinimalGlucose"	31	25	0
"814_MinimalGlucose"	21	12	2
"815_MinimalGlucose"	14	11	2
"816_MinimalGlucose"	221	112	12
"817_MinimalGlucose"	66	66	4
"818_MinimalGlucose"	47	35	1
"819_MinimalGlucose"	14	8	2
"820_MinimalGlucose"	17	24	4
"821_MinimalGlucose"	41	28	6
"822_MinimalGlucose"	20	11	1
"823_MinimalGlucose"	212	163	23
"824_MinimalGlucose"	40	30	4
"825_MinimalGlucose"	49	33	8
"826_MinimalGlucose"	14	19	4
"827_MinimalGlucose"	60	35	4
"828_MinimalGlucose"	10	13	1
"829_MinimalGlucose"	36	41	4
"830_MinimalGlucose"	32	21	2
"831_MinimalGlucose"	48	27	3
"832_MinimalGlucose"	25	13	8
"833_MinimalGlucose"	44	21	5
"834_MinimalGlucose"	115	83	20
"835_MinimalGlucose"	76	31	3
"836_MinimalGlucose"	88	75	10
"837_MinimalGlucose"	12	6	4
"838_MinimalGlucose"	24	13	3
"839_MinimalGlucose"	31	33	7
"840_MinimalGlucose"	60	63	15
"841_MinimalGlucose"	58	40	6
"842_MinimalGlucose"	18	8	1
"843_MinimalGlucose"	31	25	7
"844_MinimalGlucose"	99	106	12
"845_MinimalGlucose"	36	24	1
"846_MinimalGlucose"	15	15	8
"847_MinimalGlucose"	33	21	1
"848_MinimalGlucose"	29	25	16
"849_MinimalGlucose"	35	51	3
"850_MinimalGlucose"	16	15	4
"851_MinimalGlucose"	50	28	8
"852_MinimalGlucose"	17	16	3
"853_MinimalGlucose"	15	7	2
"854_MinimalGlucose"	35	27	5
"855_MinimalGlucose"	92	101	13
"856_MinimalGlucose"	67	41	11
"857_MinimalGlucose"	25	24	3
"858_MinimalGlucose"	77	60	9
"859_MinimalGlucose"	25	44	11
"860_MinimalGlucose"	22	12	6
"861_MinimalGlucose"	37	20	5
"862_MinimalGlucose"	16	33	5
"863_MinimalGlucose"	23	18	3
"864_MinimalGlucose"	107	104	13
"865_MinimalGlucose"	5	10	9
"866_MinimalGlucose"	30	48	11
"867_MinimalGlucose"	27	38	10
"868_MinimalGlucose"	27	33	4
"869_MinimalGlucose"	83	47	12
"870_MinimalGlucose"	10	22	1
"871_MinimalGlucose"	22	29	8
"872_MinimalGlucose"	16	25	2
"873_MinimalGlucose"	62	53	12
"874_MinimalGlucose"	20	34	2
"875_MinimalGlucose"	27	28	1
"876_MinimalGlucose"	36	23	2
"877_MinimalGlucose"	50	42	7
"878_MinimalGlucose"	37	36	6
"879_MinimalGlucose"	38	39	2
"880_MinimalGlucose"	32	20	4
"881_MinimalGlucose"	59	24	16
"882_MinimalGlucose"	90	55	6
"883_MinimalGlucose"	25	24	1
"884_MinimalGlucose"	101	109	22
"885_MinimalGlucose"	29	22	0
"886_MinimalGlucose"	19	22	3
"887_MinimalGlucose"	18	13	2
"888_MinimalGlucose"	16	42	7
"889_MinimalGlucose"	17	16	7
"890_MinimalGlucose"	12	14	1
"891_MinimalGlucose"	16	18	3
"892_MinimalGlucose"	11	11	3
"893_MinimalGlucose"	54	57	7
"894_MinimalGlucose"	13	16	10
"895_MinimalGlucose"	43	38	2
"896_MinimalGlucose"	18	13	4
"897_MinimalGlucose"	47	17	4
"898_MinimalGlucose"	24	25	7
"899_MinimalGlucose"	31	43	7
"900_MinimalGlucose"	12	11	1
"901_MinimalGlucose"	17	16	3
"902_MinimalGlucose"	23	12	0
"903_MinimalGlucose"	26	21	5
"904_MinimalGlucose"	119	81	12
"905_MinimalGlucose"	87	97	22
"906_MinimalGlucose"	173	140	23
"907_MinimalGlucose"	85	88	12
"908_MinimalGlucose"	9	5	4
"909_MinimalGlucose"	36	28	13
"910_MinimalGlucose"	19	17	2
"911_MinimalGlucose"	14	15	2
"912_MinimalGlucose"	41	34	3
"913_MinimalGlucose"	20	13	2
"914_MinimalGlucose"	62	56	21
"915_MinimalGlucose"	39	26	8
"916_MinimalGlucose"	18	13	1
"917_MinimalGlucose"	32	29	7
"918_MinimalGlucose"	30	22	5
"919_MinimalGlucose"	28	23	5
"920_MinimalGlucose"	31	17	6
"921_MinimalGlucose"	26	23	8
"922_MinimalGlucose"	55	51	6
"923_MinimalGlucose"	43	49	5
"924_MinimalGlucose"	56	29	3
"925_MinimalGlucose"	26	11	0
"926_MinimalGlucose"	11	8	7
"927_MinimalGlucose"	51	43	7
"928_MinimalGlucose"	59	38	5
"929_MinimalGlucose"	18	27	3
"930_MinimalGlucose"	38	22	3
"931_MinimalGlucose"	39	34	7
"932_MinimalGlucose"	48	47	6
"933_MinimalGlucose"	51	51	10
"934_MinimalGlucose"	25	32	3
"935_MinimalGlucose"	82	75	10
"936_MinimalGlucose"	5	11	1
"937_MinimalGlucose"	32	41	6
"938_MinimalGlucose"	108	51	16
"939_MinimalGlucose"	52	33	4
"940_MinimalGlucose"	26	16	8
"941_MinimalGlucose"	27	25	1
"942_MinimalGlucose"	25	17	5
"943_MinimalGlucose"	92	82	13
"944_MinimalGlucose"	30	38	1
"945_MinimalGlucose"	65	71	7
"946_MinimalGlucose"	48	62	3
"947_MinimalGlucose"	30	11	10
"948_MinimalGlucose"	27	20	4
"949_MinimalGlucose"	32	33	6
"950_MinimalGlucose"	29	37	2
"951_MinimalGlucose"	45	42	4
"952_MinimalGlucose"	22	6	2
"953_MinimalGlucose"	70	28	4
"954_MinimalGlucose"	70	47	9
"955_MinimalGlucose"	91	90	17
"956_MinimalGlucose"	13	31	4
"957_MinimalGlucose"	30	30	8
"958_MinimalGlucose"	16	26	5
"959_MinimalGlucose"	31	44	4
"960_MinimalGlucose"	26	14	6
"961_MinimalGlucose"	18	16	2
"962_MinimalGlucose"	57	50	7
"963_MinimalGlucose"	27	7	5
"964_MinimalGlucose"	132	47	27
"965_MinimalGlucose"	11	11	2
"966_MinimalGlucose"	30	26	1
"967_MinimalGlucose"	95	85	9
"968_MinimalGlucose"	44	41	6
"969_MinimalGlucose"	32	34	10
"970_MinimalGlucose"	18	17	1
"971_MinimalGlucose"	36	35	5
"972_MinimalGlucose"	16	21	2
"973_MinimalGlucose"	10	22	2
"974_MinimalGlucose"	20	26	5
"975_MinimalGlucose"	199	166	15
"976_MinimalGlucose"	36	44	8
"977_MinimalGlucose"	43	29	6
"978_MinimalGlucose"	7	12	0
"979_MinimalGlucose"	47	64	9
"980_MinimalGlucose"	23	26	6
"981_MinimalGlucose"	32	38	4
"982_MinimalGlucose"	16	22	2
"983_MinimalGlucose"	9	7	3
"984_MinimalGlucose"	16	23	2
"985_MinimalGlucose"	14	22	1
"986_MinimalGlucose"	40	33	3
"987_MinimalGlucose"	15	40	1
"988_MinimalGlucose"	24	15	1
"989_MinimalGlucose"	30	11	2
"990_MinimalGlucose"	47	50	13
"991_MinimalGlucose"	10	12	0
"992_MinimalGlucose"	55	53	6
"993_MinimalGlucose"	24	36	0
"994_MinimalGlucose"	16	17	3
"995_MinimalGlucose"	14	17	1
"996_MinimalGlucose"	28	19	4
"997_MinimalGlucose"	17	24	4
"998_MinimalGlucose"	12	8	3
"999_MinimalGlucose"	20	18	2
"1000_MinimalGlucose"	60	52	6
"1001_MinimalGlucose"	26	23	3
"1002_MinimalGlucose"	93	76	5
"1003_MinimalGlucose"	31	16	1
"1004_MinimalGlucose"	11	5	0
"1005_MinimalGlucose"	34	50	5
"1006_MinimalGlucose"	16	19	1
"1007_MinimalGlucose"	66	32	4
"1008_MinimalGlucose"	28	17	3
"1009_MinimalGlucose"	82	81	18
"1010_MinimalGlucose"	33	26	5
"1011_MinimalGlucose"	36	38	5
"1012_MinimalGlucose"	19	8	2
"1013_MinimalGlucose"	32	42	8
"1014_MinimalGlucose"	15	11	4
"1015_MinimalGlucose"	37	45	9
"1016_MinimalGlucose"	11	8	3
"1017_MinimalGlucose"	82	61	3
"1018_MinimalGlucose"	42	46	14
"1019_MinimalGlucose"	95	93	27
"1020_MinimalGlucose"	19	13	1
"1021_MinimalGlucose"	47	41	15
"1022_MinimalGlucose"	20	20	7
"1023_MinimalGlucose"	39	43	6
"1024_MinimalGlucose"	34	25	5
"1025_MinimalGlucose"	37	44	7
"1026_MinimalGlucose"	12	12	1
"1027_MinimalGlucose"	55	85	14
"1028_MinimalGlucose"	135	93	19
"1029_MinimalGlucose"	16	16	2
"1030_MinimalGlucose"	33	36	5
"1031_MinimalGlucose"	23	23	5
"1032_MinimalGlucose"	14	15	5
"1033_MinimalGlucose"	31	12	0
"1034_MinimalGlucose"	14	8	3
"1035_MinimalGlucose"	20	24	6
"1036_MinimalGlucose"	24	18	2
"1037_MinimalGlucose"	52	31	6
"1038_MinimalGlucose"	15	7	1
"1039_MinimalGlucose"	100	108	11
"1040_MinimalGlucose"	24	14	3
"1041_MinimalGlucose"	25	11	3
"1042_MinimalGlucose"	94	119	20
"1043_MinimalGlucose"	17	29	6
"1044_MinimalGlucose"	20	23	3
"1045_MinimalGlucose"	61	67	14
"1046_MinimalGlucose"	24	18	4
"1047_MinimalGlucose"	17	25	8
"1048_MinimalGlucose"	44	33	8
"1049_MinimalGlucose"	14	25	4
"1050_MinimalGlucose"	64	63	9
"1051_MinimalGlucose"	58	44	6
"1052_MinimalGlucose"	55	24	7
"1053_MinimalGlucose"	30	19	2
"1054_MinimalGlucose"	25	34	1
"1055_MinimalGlucose"	19	23	4
"1056_MinimalGlucose"	12	17	0
"1057_MinimalGlucose"	51	51	6
"1058_MinimalGlucose"	30	21	7
"1059_MinimalGlucose"	50	31	11
"1060_MinimalGlucose"	26	25	3
"1061_MinimalGlucose"	14	24	4
"1062_MinimalGlucose"	50	27	2
"1063_MinimalGlucose"	29	28	6
"1064_MinimalGlucose"	23	24	2
"1065_MinimalGlucose"	96	96	10
"1066_MinimalGlucose"	55	41	18
"1067_MinimalGlucose"	20	25	2
"1068_MinimalGlucose"	37	15	2
"1069_MinimalGlucose"	30	21	0
"1070_MinimalGlucose"	38	18	5
"1071_MinimalGlucose"	39	25	7
"1072_MinimalGlucose"	11	25	3
"1073_MinimalGlucose"	40	32	10
"1074_MinimalGlucose"	70	37	7
"1075_MinimalGlucose"	47	28	9
"1076_MinimalGlucose"	36	30	12
"1077_MinimalGlucose"	13	31	1
"1078_MinimalGlucose"	25	24	3
"1079_MinimalGlucose"	67	57	3
"1080_MinimalGlucose"	47	67	13
"1081_MinimalGlucose"	40	20	7
"1082_MinimalGlucose"	51	57	11
"1083_MinimalGlucose"	30	31	8
"1084_MinimalGlucose"	28	32	15
"1085_MinimalGlucose"	25	27	5
"1086_MinimalGlucose"	23	22	2
"1087_MinimalGlucose"	50	55	8
"1088_MinimalGlucose"	37	23	2
"1089_MinimalGlucose"	20	10	1
"1090_MinimalGlucose"	15	14	10
"1091_MinimalGlucose"	37	24	6
"1092_MinimalGlucose"	32	27	5
"1093_MinimalGlucose"	12	23	0
"1094_MinimalGlucose"	38	32	8
"1095_MinimalGlucose"	13	11	2
"1096_MinimalGlucose"	23	17	4
"1097_MinimalGlucose"	39	36	7
"1098_MinimalGlucose"	220	235	38
"1099_MinimalGlucose"	21	28	6
"1100_MinimalGlucose"	37	37	5
"1101_MinimalGlucose"	18	23	3
"1102_MinimalGlucose"	8	15	6
"1103_MinimalGlucose"	48	48	7
"1104_MinimalGlucose"	30	30	7
"1105_MinimalGlucose"	15	18	1
"1106_MinimalGlucose"	27	19	3
"1107_MinimalGlucose"	39	34	5
"1108_MinimalGlucose"	47	25	1
"1109_MinimalGlucose"	28	22	3
"1110_MinimalGlucose"	8	20	6
"1111_MinimalGlucose"	54	44	6
"1112_MinimalGlucose"	34	14	4
"1113_MinimalGlucose"	35	57	7
"1114_MinimalGlucose"	24	22	1
"1115_MinimalGlucose"	15	19	0
"1116_MinimalGlucose"	81	53	12
"1117_MinimalGlucose"	47	32	0
"1118_MinimalGlucose"	77	63	16
"1119_MinimalGlucose"	137	49	22
"1120_MinimalGlucose"	17	18	2
"1121_MinimalGlucose"	61	57	1
"1122_MinimalGlucose"	36	22	2
"1123_MinimalGlucose"	60	66	6
"1124_MinimalGlucose"	47	30	5
"1125_MinimalGlucose"	122	116	15
"1126_MinimalGlucose"	117	71	13
"1127_MinimalGlucose"	7	1	8
"1128_MinimalGlucose"	35	39	5
"1129_MinimalGlucose"	9	1	1
"1130_MinimalGlucose"	20	18	0
"1131_MinimalGlucose"	18	11	2
"1132_MinimalGlucose"	68	68	5
"1133_MinimalGlucose"	29	23	6
"1134_MinimalGlucose"	21	23	6
"1135_MinimalGlucose"	23	24	6
"1136_MinimalGlucose"	31	25	3
"1137_MinimalGlucose"	33	7	4
"1138_MinimalGlucose"	6	5	1
"1139_MinimalGlucose"	20	16	3
"1140_MinimalGlucose"	11	11	2
"1141_MinimalGlucose"	24	29	5
"1142_MinimalGlucose"	9	7	4
"1143_MinimalGlucose"	21	38	8
"1144_MinimalGlucose"	33	23	1
"1145_MinimalGlucose"	5	8	1
"1146_MinimalGlucose"	60	87	10
"1147_MinimalGlucose"	35	25	6
"1148_MinimalGlucose"	10	11	6
"1149_MinimalGlucose"	34	56	18
"1150_MinimalGlucose"	15	36	4
"1151_MinimalGlucose"	27	14	4
"1152_MinimalGlucose"	34	15	4
"1153_MinimalGlucose"	26	32	0
"1154_MinimalGlucose"	83	41	12
"1155_MinimalGlucose"	28	33	4
"1156_MinimalGlucose"	87	86	29
"1157_MinimalGlucose"	13	8	1
"1158_MinimalGlucose"	39	25	4
"1159_MinimalGlucose"	61	60	15
"1160_MinimalGlucose"	69	71	7
"1161_MinimalGlucose"	8	7	1
"1162_MinimalGlucose"	25	24	0
"1163_MinimalGlucose"	49	46	1
"1164_MinimalGlucose"	27	20	0
"1165_MinimalGlucose"	20	13	2
"1166_MinimalGlucose"	29	50	5
"1167_MinimalGlucose"	24	15	4
"1168_MinimalGlucose"	54	49	4
"1169_MinimalGlucose"	12	16	2
"1170_MinimalGlucose"	38	43	13
"1171_MinimalGlucose"	20	13	1
"1172_MinimalGlucose"	35	56	13
"1173_MinimalGlucose"	41	37	7
"1174_MinimalGlucose"	32	36	4
"1175_MinimalGlucose"	55	24	3
"1176_MinimalGlucose"	37	32	8
"1177_MinimalGlucose"	18	25	2
"1178_MinimalGlucose"	67	48	26
"1179_MinimalGlucose"	21	28	6
"1180_MinimalGlucose"	25	17	12
"1181_MinimalGlucose"	42	41	5
"1182_MinimalGlucose"	30	28	9
"1183_MinimalGlucose"	223	179	43
"1184_MinimalGlucose"	25	18	9
"1185_MinimalGlucose"	13	10	1
"1186_MinimalGlucose"	81	67	9
"1187_MinimalGlucose"	31	30	2
"1188_MinimalGlucose"	31	68	20
"1189_MinimalGlucose"	25	13	2
"1190_MinimalGlucose"	63	65	3
"1191_MinimalGlucose"	64	32	5
"1192_MinimalGlucose"	7	13	2
"1193_MinimalGlucose"	21	35	7
"1194_MinimalGlucose"	20	20	2
"1195_MinimalGlucose"	44	29	4
"1196_MinimalGlucose"	18	15	7
"1197_MinimalGlucose"	16	17	1
"1198_MinimalGlucose"	49	28	3
"1199_MinimalGlucose"	16	8	4
"1200_MinimalGlucose"	64	29	1
"1201_MinimalGlucose"	38	22	4
"1202_MinimalGlucose"	27	18	1
"1203_MinimalGlucose"	26	29	3
"1204_MinimalGlucose"	22	12	3
"1205_MinimalGlucose"	28	29	3
"1206_MinimalGlucose"	57	40	5
"1207_MinimalGlucose"	7	18	2
"1208_MinimalGlucose"	30	22	5
"1209_MinimalGlucose"	95	65	23
"1210_MinimalGlucose"	40	26	2
"1211_MinimalGlucose"	39	9	5
"1212_MinimalGlucose"	36	62	11
"1213_MinimalGlucose"	35	33	11
"1214_MinimalGlucose"	9	17	4
"1215_MinimalGlucose"	87	55	12
"1216_MinimalGlucose"	119	74	9
"1217_MinimalGlucose"	12	16	1
"1218_MinimalGlucose"	23	18	1
"1219_MinimalGlucose"	30	22	3
"1220_MinimalGlucose"	28	25	6
"1221_MinimalGlucose"	24	21	5
"1222_MinimalGlucose"	28	24	3
"1223_MinimalGlucose"	37	42	5
"1224_MinimalGlucose"	13	18	12
"1225_MinimalGlucose"	39	11	5
"1226_MinimalGlucose"	21	22	4
"1227_MinimalGlucose"	82	57	0
"1228_MinimalGlucose"	27	19	5
"1229_MinimalGlucose"	33	39	5
"1230_MinimalGlucose"	38	50	2
"1231_MinimalGlucose"	14	8	1
"1232_MinimalGlucose"	6	18	1
"1233_MinimalGlucose"	36	19	4
"1234_MinimalGlucose"	33	20	6
"1235_MinimalGlucose"	21	31	4
"1236_MinimalGlucose"	61	85	16
"1237_MinimalGlucose"	80	32	8
"1238_MinimalGlucose"	26	25	3
"1239_MinimalGlucose"	83	40	13
"1240_MinimalGlucose"	22	36	7
"1241_MinimalGlucose"	16	13	7
"1242_MinimalGlucose"	42	28	6
"1243_MinimalGlucose"	25	41	6
"1244_MinimalGlucose"	21	18	4
"1245_MinimalGlucose"	21	16	2
"1246_MinimalGlucose"	12	8	1
"1247_MinimalGlucose"	22	14	3
"1248_MinimalGlucose"	16	18	1
"1249_MinimalGlucose"	67	81	15
"1250_MinimalGlucose"	11	17	3
"1251_MinimalGlucose"	37	43	2
"1252_MinimalGlucose"	19	21	1
"1253_MinimalGlucose"	22	10	1
"1254_MinimalGlucose"	21	10	4
"1255_MinimalGlucose"	34	27	5
"1256_MinimalGlucose"	30	24	3
"1257_MinimalGlucose"	78	69	9
"1258_MinimalGlucose"	9	11	4
"1259_MinimalGlucose"	32	11	2
"1260_MinimalGlucose"	12	5	3
"1261_MinimalGlucose"	12	12	0
"1262_MinimalGlucose"	17	21	1
"1263_MinimalGlucose"	7	14	2
"1264_MinimalGlucose"	18	17	3
"1265_MinimalGlucose"	16	12	3
"1266_MinimalGlucose"	19	6	1
"1267_MinimalGlucose"	34	23	3
"1268_MinimalGlucose"	23	22	3
"1269_MinimalGlucose"	53	43	3
"1270_MinimalGlucose"	42	39	6
"1271_MinimalGlucose"	14	24	3
"1272_MinimalGlucose"	14	11	2
"1273_MinimalGlucose"	25	14	8
"1274_MinimalGlucose"	58	52	8
"1275_MinimalGlucose"	25	24	1
"1276_MinimalGlucose"	108	67	5
"1277_MinimalGlucose"	14	16	1
"1278_MinimalGlucose"	21	14	1
"1279_MinimalGlucose"	48	38	8
"1280_MinimalGlucose"	52	25	7
"1281_MinimalGlucose"	14	24	3
"1282_MinimalGlucose"	23	7	3
"1283_MinimalGlucose"	25	11	9
"1284_MinimalGlucose"	29	27	5
"1285_MinimalGlucose"	27	13	10
"1286_MinimalGlucose"	22	19	6
"1287_MinimalGlucose"	108	95	12
"1288_MinimalGlucose"	10	21	3
"1289_MinimalGlucose"	12	11	0
"1290_MinimalGlucose"	55	50	1
"1291_MinimalGlucose"	32	17	2
"1292_MinimalGlucose"	30	21	1
"1293_MinimalGlucose"	55	32	9
"1294_MinimalGlucose"	23	14	7
"1295_MinimalGlucose"	12	16	6
"1296_MinimalGlucose"	24	24	6
"1297_MinimalGlucose"	48	24	5
"1298_MinimalGlucose"	33	26	12
"1299_MinimalGlucose"	8	11	0
"1300_MinimalGlucose"	34	33	2
"1301_MinimalGlucose"	28	19	2
"1302_MinimalGlucose"	68	58	12
"1303_MinimalGlucose"	15	9	3
"1304_MinimalGlucose"	33	32	2
"1305_MinimalGlucose"	14	7	2
"1306_MinimalGlucose"	22	18	2
"1307_MinimalGlucose"	21	35	6
"1308_MinimalGlucose"	38	30	6
"1309_MinimalGlucose"	37	28	8
"1310_MinimalGlucose"	17	21	2
"1311_MinimalGlucose"	50	41	9
"1312_MinimalGlucose"	22	15	4
"1313_MinimalGlucose"	73	79	12
"1314_MinimalGlucose"	17	13	4
"1315_MinimalGlucose"	18	18	0
"1316_MinimalGlucose"	29	18	4
"1317_MinimalGlucose"	13	9	3
"1318_MinimalGlucose"	19	19	4
"1319_MinimalGlucose"	30	18	3
"1320_MinimalGlucose"	36	16	7
"1321_MinimalGlucose"	17	31	4
"1322_MinimalGlucose"	78	63	10
"1323_MinimalGlucose"	18	29	8
"1324_MinimalGlucose"	32	28	1
"1325_MinimalGlucose"	14	17	1
"1326_MinimalGlucose"	35	25	3
"1327_MinimalGlucose"	16	22	2
"1328_MinimalGlucose"	21	10	5
"1329_MinimalGlucose"	21	14	6
"1330_MinimalGlucose"	37	33	5
"1331_MinimalGlucose"	33	22	2
"1332_MinimalGlucose"	23	17	6
"1333_MinimalGlucose"	101	101	13
"1334_MinimalGlucose"	24	22	3
"1335_MinimalGlucose"	17	11	5
"1336_MinimalGlucose"	29	20	4
"1337_MinimalGlucose"	15	12	1
"1338_MinimalGlucose"	24	13	2
"1339_MinimalGlucose"	27	14	5
"1340_MinimalGlucose"	58	38	6
"1341_MinimalGlucose"	21	18	2
"1342_MinimalGlucose"	21	31	7
"1343_MinimalGlucose"	40	37	3
"1344_MinimalGlucose"	96	56	10
"1345_MinimalGlucose"	47	17	1
"1346_MinimalGlucose"	44	32	1
"1347_MinimalGlucose"	33	22	4
"1348_MinimalGlucose"	25	18	9
"1349_MinimalGlucose"	13	25	3
"1350_MinimalGlucose"	18	16	6
"1351_MinimalGlucose"	127	83	20
"1352_MinimalGlucose"	21	26	4
"1353_MinimalGlucose"	12	13	2
"1354_MinimalGlucose"	25	20	1
"1355_MinimalGlucose"	31	23	4
"1356_MinimalGlucose"	30	10	5
"1357_MinimalGlucose"	23	24	3
"1358_MinimalGlucose"	22	17	4
"1359_MinimalGlucose"	16	23	0
"1360_MinimalGlucose"	23	23	2
"1361_MinimalGlucose"	11	5	4
"1362_MinimalGlucose"	17	7	2
"1363_MinimalGlucose"	20	11	4
"1364_MinimalGlucose"	38	19	6
"1365_MinimalGlucose"	98	61	9
"1366_MinimalGlucose"	24	31	3
"1367_MinimalGlucose"	27	33	1
"1368_MinimalGlucose"	28	7	10
"1369_MinimalGlucose"	16	25	10
"1370_MinimalGlucose"	26	11	1
"1371_MinimalGlucose"	45	44	9
"1372_MinimalGlucose"	22	9	2
"1373_MinimalGlucose"	20	18	9
"1374_MinimalGlucose"	49	21	6
"1375_MinimalGlucose"	21	27	4
"1376_MinimalGlucose"	40	18	2
"1377_MinimalGlucose"	140	103	28
"1378_MinimalGlucose"	25	27	9
"1379_MinimalGlucose"	37	44	8
"1380_MinimalGlucose"	19	9	5
"1381_MinimalGlucose"	18	13	0
"1382_MinimalGlucose"	10	13	0
"1383_MinimalGlucose"	32	15	5
"1384_MinimalGlucose"	25	15	4
"1385_MinimalGlucose"	19	30	6
"1386_MinimalGlucose"	20	10	2
"1387_MinimalGlucose"	20	12	6
"1388_MinimalGlucose"	62	73	15
"1389_MinimalGlucose"	23	20	1
"1390_MinimalGlucose"	31	11	6
"1391_MinimalGlucose"	23	26	1
"1392_MinimalGlucose"	15	12	7
"1393_MinimalGlucose"	26	38	2
"1394_MinimalGlucose"	59	28	9
"1395_MinimalGlucose"	21	23	7
"1396_MinimalGlucose"	31	19	2
"1397_MinimalGlucose"	19	12	3
"1398_MinimalGlucose"	31	17	5
"1399_MinimalGlucose"	18	11	11
"1400_MinimalGlucose"	25	34	2
"1401_MinimalGlucose"	15	12	0
"1402_MinimalGlucose"	16	16	3
"1403_MinimalGlucose"	14	8	7
"1404_MinimalGlucose"	41	39	2
"1405_MinimalGlucose"	7	9	1
"1406_MinimalGlucose"	13	15	2
"1407_MinimalGlucose"	19	25	5
"1408_MinimalGlucose"	13	17	3
"1409_MinimalGlucose"	38	31	6
"1410_MinimalGlucose"	27	24	2
"1411_MinimalGlucose"	35	25	1
"1412_MinimalGlucose"	74	57	8
"1413_MinimalGlucose"	14	15	3
"1414_MinimalGlucose"	15	14	4
"1415_MinimalGlucose"	17	12	4
"1416_MinimalGlucose"	17	20	3
"1417_MinimalGlucose"	21	20	0
"1418_MinimalGlucose"	59	25	3
"1419_MinimalGlucose"	19	32	1
"1420_MinimalGlucose"	14	14	3
"1421_MinimalGlucose"	19	24	10
"1422_MinimalGlucose"	43	37	8
"1423_MinimalGlucose"	8	8	2
"1424_MinimalGlucose"	97	50	6
"1425_MinimalGlucose"	33	25	8
"1426_MinimalGlucose"	13	8	3
"1427_MinimalGlucose"	23	28	4
"1428_MinimalGlucose"	18	10	1
"1429_MinimalGlucose"	7	6	4
"1430_MinimalGlucose"	73	77	4
"1431_MinimalGlucose"	51	68	10
"1432_MinimalGlucose"	47	51	11
"1433_MinimalGlucose"	21	6	3
"1434_MinimalGlucose"	24	26	2
"1435_MinimalGlucose"	13	23	9
"1436_MinimalGlucose"	62	47	8
"1437_MinimalGlucose"	23	22	2
"1438_MinimalGlucose"	23	28	2
"1439_MinimalGlucose"	10	11	0
"1440_MinimalGlucose"	23	21	6
"1441_MinimalGlucose"	21	19	4
"1442_MinimalGlucose"	20	19	4
"1443_MinimalGlucose"	19	13	1
"1444_MinimalGlucose"	36	18	1
"1445_MinimalGlucose"	32	27	3
"1446_MinimalGlucose"	19	26	4
"1447_MinimalGlucose"	14	15	0
"1448_MinimalGlucose"	20	13	2
"1449_MinimalGlucose"	79	54	13
"1450_MinimalGlucose"	9	17	4
"1451_MinimalGlucose"	50	45	14
"1452_MinimalGlucose"	36	18	6
"1453_MinimalGlucose"	35	11	7
"1454_MinimalGlucose"	27	29	6
"1455_MinimalGlucose"	11	9	7
"1456_MinimalGlucose"	20	12	2
"1457_MinimalGlucose"	23	18	3
"1458_MinimalGlucose"	43	40	6
"1459_MinimalGlucose"	14	27	3
"1460_MinimalGlucose"	137	142	14
"1461_MinimalGlucose"	20	15	3
"1462_MinimalGlucose"	84	78	9
"1463_MinimalGlucose"	18	20	2
"1464_MinimalGlucose"	21	14	0
"1465_MinimalGlucose"	27	13	4
"1466_MinimalGlucose"	37	23	4
"1467_MinimalGlucose"	49	9	13
"1468_MinimalGlucose"	10	5	9
"1469_MinimalGlucose"	19	21	4
"1470_MinimalGlucose"	11	4	7
"1471_MinimalGlucose"	16	23	2
"1472_MinimalGlucose"	21	9	0
"1473_MinimalGlucose"	67	54	14
"1474_MinimalGlucose"	58	38	8
"1475_MinimalGlucose"	135	94	20
"1476_MinimalGlucose"	24	22	1
"1477_MinimalGlucose"	27	29	4
"1478_MinimalGlucose"	38	25	5
"1479_MinimalGlucose"	15	22	0
"1480_MinimalGlucose"	28	21	2
"1481_MinimalGlucose"	40	33	4
"1482_MinimalGlucose"	18	19	3
"1483_MinimalGlucose"	79	67	13
"1484_MinimalGlucose"	18	14	0
"1485_MinimalGlucose"	36	45	2
"1486_MinimalGlucose"	20	11	4
"1487_MinimalGlucose"	51	57	7
"1488_MinimalGlucose"	20	16	3
"1489_MinimalGlucose"	46	47	21
"1490_MinimalGlucose"	28	39	7
"1491_MinimalGlucose"	17	7	1
"1492_MinimalGlucose"	60	19	6
"1493_MinimalGlucose"	17	15	0
"1494_MinimalGlucose"	51	36	3
"1495_MinimalGlucose"	28	17	1
"1496_MinimalGlucose"	35	34	2
"1497_MinimalGlucose"	22	18	2
"1498_MinimalGlucose"	18	17	4
"1499_MinimalGlucose"	26	30	7
"1500_MinimalGlucose"	37	45	12
"1501_MinimalGlucose"	68	56	14
"1502_MinimalGlucose"	80	64	5
"1503_MinimalGlucose"	19	18	2
"1504_MinimalGlucose"	13	11	1
"1505_MinimalGlucose"	20	13	2
"1506_MinimalGlucose"	13	12	4
"1507_MinimalGlucose"	83	53	2
"1508_MinimalGlucose"	23	23	1
"1509_MinimalGlucose"	31	31	3
"1510_MinimalGlucose"	25	20	1
"1511_MinimalGlucose"	37	23	12
"1512_MinimalGlucose"	17	35	6
"1513_MinimalGlucose"	47	37	6
"1514_MinimalGlucose"	17	21	1
"1515_MinimalGlucose"	4	16	0
"1516_MinimalGlucose"	24	23	5
"1517_MinimalGlucose"	27	18	3
"1518_MinimalGlucose"	28	13	1
"1519_MinimalGlucose"	23	34	3
"1520_MinimalGlucose"	27	22	1
"1521_MinimalGlucose"	22	16	0
"1522_MinimalGlucose"	63	43	10
"1523_MinimalGlucose"	8	14	1
"1524_MinimalGlucose"	52	32	3
"1525_MinimalGlucose"	35	40	14
"1526_MinimalGlucose"	11	10	2
"1527_MinimalGlucose"	17	16	4
"1528_MinimalGlucose"	19	13	3
"1529_MinimalGlucose"	27	19	4
"1530_MinimalGlucose"	28	28	2
"1531_MinimalGlucose"	38	31	8
"1532_MinimalGlucose"	15	25	0
"1533_MinimalGlucose"	34	46	9
"1534_MinimalGlucose"	38	63	5
"1535_MinimalGlucose"	49	33	6
"1536_MinimalGlucose"	42	52	6
"1537_MinimalGlucose"	25	12	3
"1538_MinimalGlucose"	16	26	5
"1539_MinimalGlucose"	29	25	0
"1540_MinimalGlucose"	13	22	0
"1541_MinimalGlucose"	41	37	2
"1542_MinimalGlucose"	33	13	3
"1543_MinimalGlucose"	17	28	4
"1544_MinimalGlucose"	25	18	4
"1545_MinimalGlucose"	25	29	2
"1546_MinimalGlucose"	13	1	4
"1547_MinimalGlucose"	12	14	3
"1548_MinimalGlucose"	23	19	7
"1549_MinimalGlucose"	12	8	3
"1550_MinimalGlucose"	22	10	2
"1551_MinimalGlucose"	13	12	1
"1552_MinimalGlucose"	21	15	0
"1553_MinimalGlucose"	16	17	6
"1554_MinimalGlucose"	18	16	4
"1555_MinimalGlucose"	17	16	2
"1556_MinimalGlucose"	18	17	5
"1557_MinimalGlucose"	41	44	3
"1558_MinimalGlucose"	29	40	5
"1559_MinimalGlucose"	21	20	7
"1560_MinimalGlucose"	23	18	2
"1561_MinimalGlucose"	35	28	2
"1562_MinimalGlucose"	35	26	6
"1563_MinimalGlucose"	55	15	3
"1564_MinimalGlucose"	29	22	2
"1565_MinimalGlucose"	20	12	1
"1566_MinimalGlucose"	28	19	4
"1567_MinimalGlucose"	33	20	10
"1568_MinimalGlucose"	10	12	7
"1569_MinimalGlucose"	10	15	4
"1570_MinimalGlucose"	36	24	7
"1571_MinimalGlucose"	16	6	1
"1572_MinimalGlucose"	24	22	9
"1573_MinimalGlucose"	22	25	1
"1574_MinimalGlucose"	23	20	3
"1575_MinimalGlucose"	15	33	3
"1576_MinimalGlucose"	25	20	2
"1577_MinimalGlucose"	5	11	5
"1578_MinimalGlucose"	19	17	2
"1579_MinimalGlucose"	18	25	3
"1580_MinimalGlucose"	105	71	18
"1581_MinimalGlucose"	22	17	3
"1582_MinimalGlucose"	30	38	0
"1583_MinimalGlucose"	51	28	5
"1584_MinimalGlucose"	36	44	4
"1585_MinimalGlucose"	10	7	1
"1586_MinimalGlucose"	12	15	5
"1587_MinimalGlucose"	17	8	0
"1588_MinimalGlucose"	11	9	4
"1589_MinimalGlucose"	24	22	1
"1590_MinimalGlucose"	14	13	0
"1591_MinimalGlucose"	43	45	6
"1592_MinimalGlucose"	35	39	1
"1593_MinimalGlucose"	17	8	0
"1594_MinimalGlucose"	15	14	1
"1595_MinimalGlucose"	20	17	3
"1596_MinimalGlucose"	62	48	10
"1597_MinimalGlucose"	36	49	1
"1598_MinimalGlucose"	8	7	5
"1599_MinimalGlucose"	16	10	1
"1600_MinimalGlucose"	6	12	0
"1601_MinimalGlucose"	22	43	7
"1602_MinimalGlucose"	21	13	1
"1603_MinimalGlucose"	45	26	7
"1604_MinimalGlucose"	40	37	6
"1605_MinimalGlucose"	37	27	4
"1606_MinimalGlucose"	14	14	1
"1607_MinimalGlucose"	22	27	3
"1608_MinimalGlucose"	17	9	5
"1609_MinimalGlucose"	38	24	4
"1610_MinimalGlucose"	22	30	0
"1611_MinimalGlucose"	11	10	2
"1612_MinimalGlucose"	14	15	8
"1613_MinimalGlucose"	35	37	4
"1614_MinimalGlucose"	33	15	6
"1615_MinimalGlucose"	40	30	7
"1616_MinimalGlucose"	15	11	2
"1617_MinimalGlucose"	13	13	1
"1618_MinimalGlucose"	19	19	3
"1619_MinimalGlucose"	16	22	5
"1620_MinimalGlucose"	21	7	1
"1621_MinimalGlucose"	11	7	3
"1622_MinimalGlucose"	28	26	1
"1623_MinimalGlucose"	18	15	0
"1624_MinimalGlucose"	50	27	10
"1625_MinimalGlucose"	23	30	7
"1626_MinimalGlucose"	22	36	2
"1627_MinimalGlucose"	22	25	0
"1628_MinimalGlucose"	37	19	3
"1629_MinimalGlucose"	17	37	5
"1630_MinimalGlucose"	40	15	6
"1631_MinimalGlucose"	24	21	0
"1632_MinimalGlucose"	17	31	4
"1633_MinimalGlucose"	18	11	1
"1634_MinimalGlucose"	44	50	4
"1635_MinimalGlucose"	23	24	2
"1636_MinimalGlucose"	33	36	3
"1637_MinimalGlucose"	10	18	3
"1638_MinimalGlucose"	22	23	4
"1639_MinimalGlucose"	9	18	1
"1640_MinimalGlucose"	72	43	5
"1641_MinimalGlucose"	12	10	2
"1642_MinimalGlucose"	35	23	4
"1643_MinimalGlucose"	17	19	3
"1644_MinimalGlucose"	25	12	3
"1645_MinimalGlucose"	39	38	1
"1646_MinimalGlucose"	19	20	2
"1647_MinimalGlucose"	25	19	2
"1648_MinimalGlucose"	14	9	4
"1649_MinimalGlucose"	15	13	0
"1650_MinimalGlucose"	12	21	4
"1651_MinimalGlucose"	89	50	11
"1652_MinimalGlucose"	27	15	2
"1653_MinimalGlucose"	22	18	5
"1654_MinimalGlucose"	14	17	2
"1655_MinimalGlucose"	11	14	0
"1656_MinimalGlucose"	31	10	2
"1657_MinimalGlucose"	24	23	4
"1658_MinimalGlucose"	31	14	0
"1659_MinimalGlucose"	14	14	1
"1660_MinimalGlucose"	16	11	7
"1661_MinimalGlucose"	15	18	9
"1662_MinimalGlucose"	20	19	2
"1663_MinimalGlucose"	49	46	9
"1664_MinimalGlucose"	38	36	11
"1665_MinimalGlucose"	31	29	1
"1666_MinimalGlucose"	31	29	7
"1667_MinimalGlucose"	6	12	2
"1668_MinimalGlucose"	19	16	4
"1669_MinimalGlucose"	20	10	3
"1670_MinimalGlucose"	11	11	6
"1671_MinimalGlucose"	20	18	0
"1672_MinimalGlucose"	50	27	7
"1673_MinimalGlucose"	50	39	7
"1674_MinimalGlucose"	12	13	1
"1675_MinimalGlucose"	16	16	3
"1676_MinimalGlucose"	22	15	1
"1677_MinimalGlucose"	24	17	2
"1678_MinimalGlucose"	50	60	14
"1679_MinimalGlucose"	3	7	1
"1680_MinimalGlucose"	10	14	2
"1681_MinimalGlucose"	24	12	9
"1682_MinimalGlucose"	66	33	12
"1683_MinimalGlucose"	14	23	2
"1684_MinimalGlucose"	18	26	1
"1685_MinimalGlucose"	49	19	4
"1686_MinimalGlucose"	12	41	7
"1687_MinimalGlucose"	24	23	9
"1688_MinimalGlucose"	50	31	6
"1689_MinimalGlucose"	14	23	0
"1690_MinimalGlucose"	27	22	5
"1691_MinimalGlucose"	41	16	3
"1692_MinimalGlucose"	46	19	0
"1693_MinimalGlucose"	22	34	4
"1694_MinimalGlucose"	21	16	3
"1695_MinimalGlucose"	50	37	7
"1696_MinimalGlucose"	15	12	3
"1697_MinimalGlucose"	31	24	2
"1698_MinimalGlucose"	96	80	4
"1699_MinimalGlucose"	12	13	3
"1700_MinimalGlucose"	30	19	3
"1701_MinimalGlucose"	29	24	5
"1702_MinimalGlucose"	28	41	3
"1703_MinimalGlucose"	28	30	9
"1704_MinimalGlucose"	21	23	2
"1705_MinimalGlucose"	29	33	3
"1706_MinimalGlucose"	28	27	2
"1707_MinimalGlucose"	17	14	2
"1708_MinimalGlucose"	38	26	11
"1709_MinimalGlucose"	15	11	5
"1710_MinimalGlucose"	16	13	3
"1711_MinimalGlucose"	23	15	3
"1712_MinimalGlucose"	31	26	3
"1713_MinimalGlucose"	24	27	3
"1714_MinimalGlucose"	18	8	0
"1715_MinimalGlucose"	24	15	6
"1716_MinimalGlucose"	20	11	3
"1717_MinimalGlucose"	11	12	3
"1718_MinimalGlucose"	17	19	0
"1719_MinimalGlucose"	28	11	5
"1720_MinimalGlucose"	34	17	3
"1721_MinimalGlucose"	9	2	0
"1722_MinimalGlucose"	29	19	0
"1723_MinimalGlucose"	33	20	7
"1724_MinimalGlucose"	114	84	15
"1725_MinimalGlucose"	16	11	4
"1726_MinimalGlucose"	21	14	3
"1727_MinimalGlucose"	34	21	4
"1728_MinimalGlucose"	55	33	8
"1729_MinimalGlucose"	27	35	2
"1730_MinimalGlucose"	41	13	10
"1731_MinimalGlucose"	12	8	4
"1732_MinimalGlucose"	15	37	6
"1733_MinimalGlucose"	19	15	4
"1734_MinimalGlucose"	40	23	3
"1735_MinimalGlucose"	28	34	5
"1736_MinimalGlucose"	42	34	4
"1737_MinimalGlucose"	31	18	6
"1738_MinimalGlucose"	27	20	2
"1739_MinimalGlucose"	11	11	2
"1740_MinimalGlucose"	21	18	1
"1741_MinimalGlucose"	15	21	0
"1742_MinimalGlucose"	15	14	0
"1743_MinimalGlucose"	25	28	8
"1744_MinimalGlucose"	45	22	3
"1745_MinimalGlucose"	24	17	11
"1746_MinimalGlucose"	30	17	4
"1747_MinimalGlucose"	31	14	2
"1748_MinimalGlucose"	23	19	3
"1749_MinimalGlucose"	30	29	8
"1750_MinimalGlucose"	14	5	2
"1751_MinimalGlucose"	19	12	0
"1752_MinimalGlucose"	23	13	2
"1753_MinimalGlucose"	27	34	8
"1754_MinimalGlucose"	14	11	2
"1755_MinimalGlucose"	11	9	0
"1756_MinimalGlucose"	20	16	5
"1757_MinimalGlucose"	14	12	0
"1758_MinimalGlucose"	32	12	2
"1759_MinimalGlucose"	5	16	6
"1760_MinimalGlucose"	19	20	4
"1761_MinimalGlucose"	13	21	4
"1762_MinimalGlucose"	29	24	7
"1763_MinimalGlucose"	32	24	2
"1764_MinimalGlucose"	32	26	3
"1765_MinimalGlucose"	22	19	2
"1766_MinimalGlucose"	20	21	5
"1767_MinimalGlucose"	19	11	5
"1768_MinimalGlucose"	30	34	8
"1769_MinimalGlucose"	19	17	0
"1770_MinimalGlucose"	19	23	7
"1771_MinimalGlucose"	17	11	0
"1772_MinimalGlucose"	21	42	7
"1773_MinimalGlucose"	30	27	11
"1774_MinimalGlucose"	17	4	2
"1775_MinimalGlucose"	16	9	2
"1776_MinimalGlucose"	49	17	10
"1777_MinimalGlucose"	19	14	2
"1778_MinimalGlucose"	17	19	2
"1779_MinimalGlucose"	20	20	1
"1780_MinimalGlucose"	19	14	3
"1781_MinimalGlucose"	23	13	3
"1782_MinimalGlucose"	36	28	11
"1783_MinimalGlucose"	23	24	7
"1784_MinimalGlucose"	74	39	14
"1785_MinimalGlucose"	49	41	7
"1786_MinimalGlucose"	9	13	7
"1787_MinimalGlucose"	31	32	1
"1788_MinimalGlucose"	23	20	4
"1789_MinimalGlucose"	14	11	4
"1790_MinimalGlucose"	10	26	0
"1791_MinimalGlucose"	22	25	5
"1792_MinimalGlucose"	16	15	2
"1793_MinimalGlucose"	39	25	2
"1794_MinimalGlucose"	39	25	6
"1795_MinimalGlucose"	26	14	4
"1796_MinimalGlucose"	30	24	5
"1797_MinimalGlucose"	24	18	3
"1798_MinimalGlucose"	28	24	4
"1799_MinimalGlucose"	67	52	7
"1800_MinimalGlucose"	18	3	0
"1801_MinimalGlucose"	21	10	9
"1802_MinimalGlucose"	14	7	2
"1803_MinimalGlucose"	25	18	0
"1804_MinimalGlucose"	14	18	4
"1805_MinimalGlucose"	9	12	0
"1806_MinimalGlucose"	33	27	2
"1807_MinimalGlucose"	20	16	1
"1808_MinimalGlucose"	45	16	7
"1809_MinimalGlucose"	10	10	0
"1810_MinimalGlucose"	29	13	3
"1811_MinimalGlucose"	13	21	8
"1812_MinimalGlucose"	21	25	2
"1813_MinimalGlucose"	6	15	1
"1814_MinimalGlucose"	19	7	1
"1815_MinimalGlucose"	9	6	5
"1816_MinimalGlucose"	16	26	3
"1817_MinimalGlucose"	13	22	3
"1818_MinimalGlucose"	39	34	3
"1819_MinimalGlucose"	23	13	2
"1820_MinimalGlucose"	20	16	4
"1821_MinimalGlucose"	34	10	1
"1822_MinimalGlucose"	20	23	3
"1823_MinimalGlucose"	23	15	1
"1824_MinimalGlucose"	30	24	1
"1825_MinimalGlucose"	13	17	0
"1826_MinimalGlucose"	18	11	1
"1827_MinimalGlucose"	15	17	6
"1828_MinimalGlucose"	20	20	1
"1829_MinimalGlucose"	21	28	5
"1830_MinimalGlucose"	15	15	6
"1831_MinimalGlucose"	18	15	11
"1832_MinimalGlucose"	16	11	1
"1833_MinimalGlucose"	29	35	5
"1834_MinimalGlucose"	12	9	3
"1835_MinimalGlucose"	16	20	5
"1836_MinimalGlucose"	12	18	1
"1837_MinimalGlucose"	10	24	1
"1838_MinimalGlucose"	16	15	1
"1839_MinimalGlucose"	13	17	4
"1840_MinimalGlucose"	11	7	1
"1841_MinimalGlucose"	26	19	1
"1842_MinimalGlucose"	20	18	2
"1843_MinimalGlucose"	3	1	4
"1844_MinimalGlucose"	14	12	1
"1845_MinimalGlucose"	13	9	2
"1846_MinimalGlucose"	29	17	3
"1847_MinimalGlucose"	11	19	1
"1848_MinimalGlucose"	33	32	1
"1849_MinimalGlucose"	17	15	2
"1850_MinimalGlucose"	9	6	1
"1851_MinimalGlucose"	17	9	0
"1852_MinimalGlucose"	22	19	3
"1853_MinimalGlucose"	30	19	3
"1854_MinimalGlucose"	21	16	1
"1855_MinimalGlucose"	18	16	2
"1856_MinimalGlucose"	65	76	13
"1857_MinimalGlucose"	22	27	0
"1858_MinimalGlucose"	17	11	2
"1859_MinimalGlucose"	29	12	0
"1860_MinimalGlucose"	18	17	8
"1861_MinimalGlucose"	19	32	3
"1862_MinimalGlucose"	30	37	4
"1863_MinimalGlucose"	19	28	3
"1864_MinimalGlucose"	16	20	1
"1865_MinimalGlucose"	50	22	0
"1866_MinimalGlucose"	23	22	1
"1867_MinimalGlucose"	41	34	7
"1868_MinimalGlucose"	15	13	3
"1869_MinimalGlucose"	9	11	4
"1870_MinimalGlucose"	21	19	1
"1871_MinimalGlucose"	27	22	3
"1872_MinimalGlucose"	11	13	5
"1873_MinimalGlucose"	31	39	4
"1874_MinimalGlucose"	14	8	1
"1875_MinimalGlucose"	21	32	5
"1876_MinimalGlucose"	20	17	3
"1877_MinimalGlucose"	34	21	6
"1878_MinimalGlucose"	14	16	4
"1879_MinimalGlucose"	35	33	7
"1880_MinimalGlucose"	16	17	1
"1881_MinimalGlucose"	19	19	4
"1882_MinimalGlucose"	12	3	3
"1883_MinimalGlucose"	35	28	5
"1884_MinimalGlucose"	15	22	6
"1885_MinimalGlucose"	30	18	3
"1886_MinimalGlucose"	26	25	3
"1887_MinimalGlucose"	20	8	0
"1888_MinimalGlucose"	17	20	2
"1889_MinimalGlucose"	25	12	1
"1890_MinimalGlucose"	26	15	0
"1891_MinimalGlucose"	23	12	3
"1892_MinimalGlucose"	12	18	1
"1893_MinimalGlucose"	11	11	2
"1894_MinimalGlucose"	25	18	3
